zip_code,median_age,total_population,median_household_income,bachelors_degree,masters_degree,below_poverty,unemployed,uninsured_adults,with_disability,no_vehicle_households,zip_cd,facility_count,facility_density,is_desert
75001,33.8,16633.0,77598.0,4875.0,1965.0,1404.0,400.0,516.0,16594.0,262.0,75001,15.0,0.9018216797931823,0
75002,38.8,72679.0,119301.0,16165.0,6082.0,3890.0,1732.0,1000.0,72481.0,353.0,75002,10.0,0.13759132624279366,0
75006,36.2,48062.0,79672.0,7733.0,2357.0,3777.0,1057.0,1735.0,47703.0,568.0,75006,43.0,0.8946777079605509,0
75007,40.6,54498.0,105969.0,12001.0,3981.0,4141.0,1215.0,1496.0,54456.0,1001.0,75007,28.0,0.5137803222136592,0
75009,37.1,28109.0,153658.0,6690.0,1960.0,1493.0,699.0,852.0,27964.0,52.0,75009,2.0,0.07115158845921236,0
75010,38.1,31609.0,98567.0,8045.0,3025.0,1802.0,830.0,443.0,31481.0,283.0,75010,18.0,0.5694580657407701,0
75013,38.6,46649.0,149549.0,10514.0,6893.0,1741.0,916.0,513.0,46532.0,444.0,75013,12.0,0.257240240948359,0
75019,38.9,44706.0,136679.0,11443.0,7238.0,1252.0,462.0,520.0,44673.0,330.0,75019,10.0,0.22368362188520557,0
75020,40.2,24486.0,64734.0,2151.0,895.0,3927.0,608.0,895.0,24191.0,455.0,75020,15.0,0.6125949522175937,0
75021,43.4,8925.0,61198.0,754.0,201.0,1291.0,167.0,167.0,8878.0,105.0,75021,2.0,0.22408963585434175,0
75022,41.5,27000.0,179892.0,7418.0,3277.0,1498.0,458.0,292.0,26890.0,62.0,75022,4.0,0.14814814814814814,0
75023,38.6,49376.0,101246.0,12558.0,4766.0,3665.0,1216.0,1119.0,49289.0,564.0,75023,10.0,0.20252754374594945,0
75024,36.8,43520.0,114623.0,12290.0,6891.0,1872.0,1194.0,414.0,43452.0,939.0,75024,19.0,0.4365808823529412,0
75025,40.2,54201.0,134740.0,12575.0,8965.0,2650.0,1681.0,600.0,54198.0,406.0,75025,5.0,0.09224922049408682,0
75028,43.1,47751.0,143712.0,14150.0,4938.0,1591.0,1122.0,476.0,47713.0,237.0,75028,9.0,0.1884777282151159,0
75032,39.0,36514.0,132756.0,7079.0,2668.0,696.0,546.0,932.0,36495.0,284.0,75032,11.0,0.30125431341403297,0
75033,36.6,47416.0,165218.0,12041.0,4865.0,860.0,1158.0,575.0,47189.0,373.0,75033,7.0,0.147629492154547,0
75034,35.4,48749.0,104323.0,12181.0,7841.0,2307.0,884.0,802.0,48651.0,1156.0,75034,13.0,0.26667213686434593,0
75035,37.8,83930.0,154811.0,20079.0,12791.0,2578.0,1893.0,1360.0,83742.0,709.0,75035,10.0,0.11914690813773382,0
75036,40.9,31792.0,137902.0,8182.0,5097.0,965.0,630.0,282.0,31784.0,39.0,,0.0,0.0,1
75038,32.2,32559.0,69678.0,6089.0,3101.0,3854.0,724.0,564.0,32449.0,758.0,75038,19.0,0.5835560060198409,0
75039,32.7,21795.0,100474.0,7041.0,4554.0,1379.0,427.0,46.0,21748.0,508.0,75039,1.0,0.045882083046570314,0
75040,36.0,63143.0,70592.0,5667.0,2450.0,7217.0,1526.0,2812.0,62939.0,597.0,75040,15.0,0.23755602362890582,0
75041,30.6,31344.0,62744.0,1889.0,452.0,5030.0,645.0,2193.0,31252.0,376.0,75041,17.0,0.5423685553854007,0
75042,32.9,37925.0,60118.0,2626.0,1124.0,5542.0,965.0,2309.0,37827.0,591.0,75042,18.0,0.4746209624258405,0
75043,35.3,64296.0,72079.0,6058.0,2443.0,6812.0,2215.0,3489.0,64213.0,1486.0,75043,63.0,0.9798432250839866,0
75044,36.1,47010.0,84016.0,8070.0,3408.0,4026.0,1368.0,1571.0,46849.0,400.0,75044,10.0,0.21272069772388852,0
75048,40.4,28210.0,126792.0,5415.0,2560.0,570.0,835.0,550.0,28210.0,201.0,75048,2.0,0.07089684509039348,0
75050,31.8,43856.0,68421.0,3996.0,1428.0,6254.0,1270.0,1947.0,43711.0,1025.0,75050,13.0,0.2964246625319227,0
75051,31.4,40166.0,49485.0,2093.0,642.0,7695.0,1039.0,2116.0,40070.0,796.0,75051,19.0,0.47303689687795647,0
75052,34.8,94636.0,84055.0,12768.0,4240.0,7563.0,2742.0,2796.0,94555.0,1018.0,75052,22.0,0.232469673274441,0
75054,36.5,17261.0,154412.0,3619.0,1949.0,630.0,205.0,305.0,17247.0,38.0,,0.0,0.0,1
75056,36.6,65785.0,111589.0,16493.0,6475.0,4786.0,1617.0,845.0,65785.0,557.0,75056,8.0,0.12160826936231664,0
75057,31.3,17280.0,73935.0,2164.0,841.0,2876.0,309.0,785.0,17113.0,180.0,75057,10.0,0.5787037037037037,0
75058,34.7,3801.0,113194.0,707.0,244.0,156.0,62.0,114.0,3801.0,13.0,75058,2.0,0.5261773217574323,0
75060,33.0,48997.0,67479.0,3940.0,1566.0,6476.0,1184.0,3053.0,48980.0,585.0,75060,3.0,0.0612282384635794,0
75061,31.9,56319.0,58236.0,4015.0,1233.0,8428.0,1408.0,3725.0,55974.0,1323.0,75061,14.0,0.24858395923223067,0
75062,31.1,52772.0,68692.0,7645.0,2376.0,3794.0,1151.0,2277.0,52743.0,869.0,75062,26.0,0.4926855150458576,0
75063,33.8,44570.0,106909.0,11389.0,8483.0,3103.0,930.0,545.0,44360.0,846.0,75063,8.0,0.17949293246578416,0
75065,39.1,12787.0,95403.0,2135.0,755.0,380.0,214.0,196.0,12787.0,87.0,75065,3.0,0.2346132791115977,0
75067,34.2,67117.0,75224.0,11416.0,4061.0,5180.0,1575.0,2327.0,66840.0,1018.0,75067,16.0,0.23838967772695444,0
75068,35.3,68074.0,119464.0,11911.0,5761.0,4589.0,1696.0,1792.0,68074.0,576.0,75068,7.0,0.10282927402532538,0
75069,39.3,39048.0,74967.0,6117.0,2708.0,5737.0,439.0,1005.0,38753.0,1097.0,75069,19.0,0.486580618725671,0
75070,36.0,57516.0,101188.0,14032.0,5887.0,2497.0,1359.0,1116.0,57486.0,347.0,75070,12.0,0.2086375964948884,0
75071,37.6,66298.0,124763.0,14357.0,5644.0,3694.0,1400.0,848.0,65150.0,617.0,75071,8.0,0.12066729011433226,0
75072,38.7,55304.0,147321.0,14370.0,5804.0,2343.0,1072.0,941.0,55184.0,259.0,,0.0,0.0,1
75074,34.5,51443.0,78441.0,8716.0,3966.0,6348.0,1162.0,2463.0,51325.0,657.0,75074,27.0,0.5248527496452384,0
75075,41.7,37032.0,89081.0,8623.0,3855.0,2185.0,884.0,736.0,36754.0,535.0,75075,31.0,0.8371138474832577,0
75076,47.3,8536.0,71910.0,974.0,115.0,352.0,249.0,110.0,8527.0,48.0,75076,2.0,0.23430178069353327,0
75077,40.4,39853.0,120254.0,9788.0,2992.0,1665.0,941.0,253.0,39706.0,572.0,75077,6.0,0.150553283316187,0
75078,35.7,40513.0,178254.0,10407.0,4641.0,1067.0,883.0,488.0,40457.0,164.0,75078,4.0,0.0987337397872288,0
75080,31.6,52184.0,86341.0,10841.0,5330.0,7098.0,1350.0,1515.0,51881.0,926.0,75080,55.0,1.0539629005059021,0
75081,35.6,36493.0,88161.0,7113.0,3311.0,3479.0,844.0,674.0,36355.0,979.0,75081,43.0,1.1783081686898857,0
75082,37.9,29386.0,108869.0,7725.0,4532.0,1800.0,1200.0,371.0,29372.0,215.0,75082,9.0,0.3062682910229361,0
75087,39.0,40201.0,124583.0,8502.0,3729.0,1270.0,868.0,1032.0,39627.0,198.0,75087,9.0,0.2238750279843785,0
75088,39.5,27143.0,101995.0,4445.0,1813.0,1978.0,570.0,506.0,27008.0,157.0,75088,8.0,0.29473529086689015,0
75089,37.8,34974.0,119332.0,6615.0,2358.0,2658.0,866.0,694.0,34959.0,260.0,75089,9.0,0.2573340195573855,0
75090,34.6,25788.0,56323.0,1558.0,447.0,3711.0,591.0,1365.0,25211.0,524.0,75090,29.0,1.1245540561501473,0
75092,41.3,26588.0,62741.0,3481.0,1531.0,2276.0,390.0,824.0,26506.0,378.0,75092,13.0,0.48894238002106216,0
75093,42.8,47069.0,121360.0,13981.0,7339.0,2688.0,904.0,594.0,46736.0,852.0,75093,39.0,0.8285708215598376,0
75094,39.5,23370.0,152461.0,3917.0,2639.0,1013.0,543.0,549.0,23370.0,142.0,75094,6.0,0.25673940949935814,0
75098,35.0,65655.0,112198.0,11455.0,4558.0,3387.0,1282.0,2125.0,65492.0,170.0,75098,15.0,0.2284669865204478,0
75101,33.8,668.0,50455.0,27.0,4.0,74.0,36.0,79.0,668.0,149.0,,0.0,0.0,1
75102,39.3,1877.0,65850.0,132.0,38.0,58.0,15.0,65.0,1877.0,27.0,,0.0,0.0,1
75103,44.5,16372.0,67878.0,1609.0,549.0,1332.0,137.0,562.0,16068.0,110.0,75103,7.0,0.42755924749572444,0
75104,35.3,49291.0,84760.0,5714.0,2577.0,4725.0,1759.0,1347.0,49116.0,421.0,75104,17.0,0.3448905479702177,0
75109,43.0,4466.0,73021.0,450.0,173.0,778.0,45.0,80.0,4466.0,30.0,,0.0,0.0,1
75110,34.4,31008.0,51048.0,1936.0,899.0,5255.0,1065.0,808.0,30302.0,557.0,75110,25.0,0.8062435500515995,0
75114,35.8,7123.0,96484.0,619.0,210.0,493.0,181.0,513.0,7123.0,8.0,,0.0,0.0,1
75115,41.2,56012.0,81895.0,6445.0,4141.0,4513.0,2378.0,1541.0,55491.0,703.0,75115,56.0,0.9997857601942441,0
75116,36.0,20145.0,57245.0,1715.0,721.0,1863.0,898.0,1559.0,19960.0,244.0,75116,18.0,0.8935219657483247,0
75117,34.2,4576.0,93373.0,311.0,42.0,695.0,18.0,59.0,4564.0,69.0,,0.0,0.0,1
75119,34.8,29509.0,77225.0,2867.0,618.0,3235.0,542.0,2020.0,29273.0,303.0,75119,8.0,0.2711037310650988,0
75124,40.8,5822.0,76013.0,611.0,154.0,575.0,115.0,8.0,5822.0,73.0,,0.0,0.0,1
75125,38.7,6920.0,63684.0,315.0,144.0,1092.0,129.0,114.0,6920.0,62.0,,0.0,0.0,1
75126,32.1,67852.0,101456.0,10089.0,3304.0,4985.0,1775.0,1710.0,67706.0,455.0,75126,5.0,0.07368979543712788,0
75127,48.3,1781.0,58330.0,104.0,82.0,243.0,19.0,66.0,1781.0,13.0,,0.0,0.0,1
75134,31.0,20179.0,65114.0,1492.0,978.0,2065.0,440.0,437.0,20071.0,246.0,75134,3.0,0.1486694087913177,0
75135,36.8,8515.0,88369.0,804.0,334.0,305.0,388.0,216.0,8515.0,49.0,,0.0,0.0,1
75137,39.2,20013.0,81160.0,2294.0,1113.0,2193.0,576.0,724.0,20013.0,274.0,75137,7.0,0.3497726477789437,0
75140,39.8,7933.0,44091.0,573.0,164.0,1422.0,184.0,80.0,7732.0,137.0,75140,6.0,0.756334299760494,0
75141,26.4,4510.0,45213.0,150.0,50.0,1060.0,81.0,275.0,4452.0,74.0,,0.0,0.0,1
75142,35.5,22756.0,75072.0,1337.0,337.0,3142.0,400.0,926.0,22224.0,336.0,75142,6.0,0.26366672525927226,0
75143,42.3,14584.0,64178.0,1306.0,294.0,1890.0,369.0,179.0,14459.0,150.0,75143,4.0,0.27427317608337903,0
75144,46.2,3883.0,60154.0,389.0,144.0,712.0,75.0,112.0,3799.0,102.0,75144,1.0,0.25753283543651817,0
75146,33.4,24089.0,68001.0,2327.0,914.0,4512.0,1048.0,556.0,23610.0,340.0,75146,12.0,0.49815268379758393,0
75147,37.6,8239.0,49167.0,577.0,214.0,1058.0,276.0,376.0,8203.0,111.0,75147,1.0,0.12137395314965409,0
75148,47.1,6143.0,57917.0,687.0,192.0,990.0,113.0,110.0,6061.0,173.0,75148,1.0,0.16278691193228065,0
75149,33.6,59371.0,64858.0,3182.0,1182.0,7823.0,1299.0,1673.0,59176.0,770.0,75149,17.0,0.2863350794158765,0
75150,34.1,63895.0,66265.0,5238.0,1979.0,7139.0,1858.0,2401.0,63510.0,1547.0,75150,57.0,0.8920885828312074,0
75152,35.2,5859.0,81772.0,489.0,159.0,582.0,155.0,143.0,5859.0,37.0,,0.0,0.0,1
75153,35.7,568.0,95066.0,100.0,31.0,24.0,8.0,31.0,568.0,8.0,,0.0,0.0,1
75154,36.8,48510.0,95035.0,5963.0,2692.0,4617.0,1438.0,1858.0,48355.0,482.0,75154,1.0,0.02061430632859204,0
75155,35.2,3142.0,56912.0,127.0,8.0,638.0,10.0,53.0,3122.0,32.0,,0.0,0.0,1
75156,47.8,16262.0,52464.0,1259.0,497.0,3673.0,564.0,298.0,16262.0,372.0,,0.0,0.0,1
75158,37.1,6202.0,88125.0,632.0,228.0,364.0,66.0,168.0,6202.0,13.0,,0.0,0.0,1
75159,35.9,22751.0,69301.0,1512.0,435.0,2696.0,695.0,1176.0,20796.0,270.0,75159,1.0,0.043954111907168913,0
75160,36.4,25964.0,67102.0,2235.0,848.0,3504.0,765.0,1029.0,25667.0,579.0,75160,14.0,0.5392081343398553,0
75161,49.6,6468.0,74932.0,421.0,88.0,762.0,274.0,85.0,6468.0,18.0,,0.0,0.0,1
75163,59.2,2540.0,54741.0,279.0,116.0,480.0,168.0,25.0,2540.0,24.0,75163,2.0,0.7874015748031495,0
75164,59.2,430.0,52736.0,703.0,259.0,85.0,226.0,30.0,430.0,149.0,,0.0,0.0,1
75165,33.9,48970.0,83970.0,5750.0,2264.0,4170.0,906.0,1372.0,48201.0,707.0,75165,23.0,0.4696753114151522,0
75166,35.1,5762.0,123653.0,855.0,389.0,129.0,57.0,80.0,5762.0,18.0,,0.0,0.0,1
75167,37.5,13421.0,117254.0,2016.0,752.0,421.0,327.0,341.0,13363.0,90.0,,0.0,0.0,1
75169,40.9,15361.0,56445.0,966.0,415.0,2559.0,225.0,542.0,15285.0,199.0,75169,5.0,0.3254996419503939,0
75172,34.4,5378.0,63003.0,142.0,76.0,947.0,168.0,199.0,5116.0,108.0,,0.0,0.0,1
75173,36.1,9296.0,96636.0,793.0,243.0,398.0,301.0,138.0,9296.0,31.0,,0.0,0.0,1
75180,31.3,27050.0,57827.0,949.0,241.0,3108.0,1171.0,1868.0,26996.0,483.0,75180,7.0,0.2587800369685767,0
75181,31.2,27980.0,107734.0,2303.0,953.0,2192.0,418.0,1144.0,27940.0,219.0,75181,21.0,0.7505360972122945,0
75182,43.1,7873.0,152632.0,1691.0,1013.0,570.0,252.0,155.0,7873.0,143.0,75182,13.0,1.6512130064778356,0
75189,35.4,38261.0,114068.0,4862.0,1713.0,1928.0,778.0,989.0,38217.0,219.0,75189,4.0,0.10454509814171088,0
75201,31.7,17985.0,102891.0,5972.0,2990.0,2800.0,496.0,73.0,17985.0,984.0,75201,3.0,0.16680567139282737,0
75202,33.4,2421.0,113843.0,871.0,449.0,122.0,28.0,263.0,2384.0,153.0,,0.0,0.0,1
75203,33.3,16265.0,43376.0,1005.0,681.0,4869.0,727.0,964.0,16265.0,1067.0,75203,6.0,0.3688902551490931,0
75204,30.9,31627.0,88142.0,10261.0,4637.0,3934.0,1229.0,347.0,31538.0,1415.0,75204,7.0,0.22132987637145476,0
75205,33.1,25212.0,180698.0,6532.0,3269.0,1855.0,602.0,137.0,25212.0,305.0,75205,1.0,0.039663652229097256,0
75206,30.9,38432.0,84784.0,13979.0,4771.0,4410.0,1072.0,433.0,38328.0,1288.0,75206,8.0,0.20815986677768528,0
75207,32.6,8029.0,88655.0,1315.0,438.0,338.0,109.0,263.0,3041.0,56.0,75207,3.0,0.3736455349358575,0
75208,35.5,29992.0,75699.0,4963.0,2158.0,3571.0,768.0,757.0,29968.0,819.0,75208,6.0,0.20005334755934917,0
75209,39.7,14208.0,116477.0,4529.0,2033.0,532.0,209.0,171.0,14083.0,281.0,75209,2.0,0.14076576576576577,0
75210,26.6,8750.0,26822.0,146.0,81.0,2352.0,309.0,849.0,8728.0,507.0,75210,1.0,0.11428571428571428,0
75211,31.1,73948.0,53614.0,3989.0,1086.0,14470.0,2374.0,5716.0,73725.0,1814.0,75211,6.0,0.08113809704116406,0
75212,30.6,27045.0,47089.0,1616.0,457.0,6232.0,895.0,1389.0,26819.0,1182.0,75212,3.0,0.11092623405435385,0
75214,37.1,34015.0,115304.0,10415.0,4072.0,1913.0,781.0,295.0,33903.0,1006.0,75214,6.0,0.17639276789651626,0
75215,35.0,18950.0,39486.0,1304.0,663.0,5193.0,549.0,844.0,18782.0,1496.0,75215,3.0,0.158311345646438,0
75216,33.5,55085.0,33889.0,2147.0,497.0,17323.0,1430.0,2292.0,54847.0,3270.0,75216,5.0,0.09076881183625306,0
75217,27.7,87154.0,49841.0,1999.0,419.0,23213.0,1377.0,6599.0,87131.0,1978.0,75217,2.0,0.02294788535236478,0
75218,41.2,21393.0,104026.0,5707.0,2868.0,1175.0,193.0,271.0,21305.0,285.0,75218,8.0,0.3739540971345767,0
75219,33.8,24797.0,86826.0,8671.0,3949.0,2247.0,701.0,380.0,24738.0,997.0,75219,5.0,0.2016372948340525,0
75220,31.1,40327.0,56849.0,3369.0,1199.0,8011.0,1130.0,3693.0,40326.0,1694.0,75220,6.0,0.14878369330721353,0
75223,35.6,13174.0,66875.0,1366.0,452.0,1925.0,555.0,408.0,13167.0,345.0,,0.0,0.0,1
75224,32.7,35903.0,50061.0,2138.0,829.0,6557.0,1058.0,1701.0,35802.0,1093.0,75224,10.0,0.2785282566916414,0
75225,47.7,21965.0,180181.0,7572.0,3177.0,950.0,279.0,78.0,21850.0,302.0,75225,4.0,0.18210789893011609,0
75226,32.0,5108.0,67612.0,948.0,345.0,1147.0,146.0,93.0,5108.0,335.0,75226,2.0,0.39154267815191857,0
75227,32.4,58315.0,54743.0,3301.0,815.0,9459.0,1186.0,3068.0,57809.0,1372.0,75227,8.0,0.13718597273428793,0
75228,30.8,68472.0,55848.0,5254.0,1987.0,14130.0,1851.0,3930.0,68244.0,2260.0,75228,23.0,0.3359037270709195,0
75229,37.4,32885.0,117083.0,5983.0,3228.0,2938.0,950.0,1737.0,32877.0,279.0,75229,10.0,0.3040900106431504,0
75230,47.6,26503.0,109589.0,7320.0,3225.0,1325.0,287.0,331.0,26362.0,978.0,75230,5.0,0.18865788778628834,0
75231,31.7,39158.0,50603.0,6084.0,2046.0,7057.0,944.0,2270.0,38805.0,2279.0,75231,29.0,0.740589407017723,0
75232,41.0,33333.0,52739.0,2921.0,1095.0,7462.0,610.0,1645.0,33333.0,1087.0,75232,6.0,0.18000180001800017,0
75233,32.1,15876.0,61750.0,1314.0,478.0,4210.0,349.0,1016.0,15636.0,360.0,75233,2.0,0.12597631645250695,0
75234,33.9,33838.0,85105.0,5753.0,2031.0,2902.0,683.0,1506.0,33800.0,461.0,75234,39.0,1.1525503871387197,0
75235,31.0,18936.0,57744.0,2533.0,1408.0,3502.0,926.0,433.0,18817.0,860.0,75235,10.0,0.5280946345585128,0
75236,30.0,18249.0,45739.0,1321.0,646.0,3424.0,710.0,881.0,18225.0,953.0,75236,1.0,0.054797523151953534,0
75237,28.0,19530.0,38552.0,1330.0,462.0,5596.0,550.0,689.0,19359.0,1601.0,75237,14.0,0.7168458781362007,0
75238,35.8,32180.0,71352.0,6522.0,3225.0,3092.0,428.0,1034.0,31834.0,821.0,75238,28.0,0.870105655686762,0
75240,31.2,26058.0,51607.0,3616.0,1167.0,5266.0,1235.0,1478.0,26051.0,1403.0,75240,26.0,0.9977741960242535,0
75241,34.4,33081.0,45356.0,1622.0,719.0,7613.0,633.0,1316.0,31038.0,1277.0,75241,2.0,0.06045766452041958,0
75243,34.2,63047.0,47319.0,8707.0,3732.0,12199.0,2338.0,2559.0,62845.0,3057.0,75243,79.0,1.253033451234793,0
75244,37.8,12734.0,109440.0,3844.0,1781.0,565.0,377.0,234.0,12709.0,159.0,75244,11.0,0.8638291188942987,0
75246,40.4,2265.0,42429.0,282.0,114.0,653.0,4.0,64.0,2204.0,273.0,75246,6.0,1.6989963870320643,0
75247,58.7,992.0,18750.0,37.0,70.0,708.0,81.0,25.0,992.0,217.0,75247,36.0,1.6989963870320643,0
75248,40.0,37282.0,98584.0,10352.0,4917.0,1653.0,802.0,204.0,37202.0,826.0,75248,4.0,0.10729038141730594,0
75249,30.5,17853.0,79162.0,2175.0,759.0,1583.0,478.0,821.0,17853.0,61.0,75249,2.0,0.1120259900296869,0
75251,31.7,3801.0,85294.0,1283.0,285.0,188.0,33.0,71.0,3801.0,292.0,75251,19.0,1.6989963870320643,0
75252,38.1,27541.0,77147.0,7350.0,3932.0,3845.0,938.0,742.0,27512.0,915.0,75252,23.0,0.8351185505246723,0
75253,25.6,24411.0,51642.0,717.0,311.0,5312.0,403.0,1105.0,24411.0,250.0,,0.0,0.0,1
75254,30.8,24316.0,70901.0,5363.0,2102.0,3938.0,722.0,814.0,24153.0,543.0,75254,12.0,0.49350222075999345,0
75287,34.1,52240.0,60256.0,12123.0,4212.0,7011.0,1496.0,898.0,52217.0,1818.0,75287,4.0,0.07656967840735068,0
75401,36.2,21000.0,51882.0,1301.0,455.0,3088.0,692.0,502.0,20397.0,524.0,75401,11.0,0.5238095238095238,0
75402,35.7,20299.0,78277.0,2851.0,1040.0,2064.0,538.0,158.0,20181.0,474.0,75402,15.0,0.7389526577663924,0
75407,34.0,26607.0,87839.0,2729.0,864.0,1524.0,299.0,791.0,26607.0,278.0,75407,1.0,0.03758409441124516,0
75409,32.7,22249.0,89444.0,3971.0,1156.0,2209.0,348.0,848.0,22243.0,51.0,75409,1.0,0.04494584026248371,0
75410,60.0,4196.0,77778.0,510.0,103.0,431.0,36.0,97.0,4196.0,37.0,,0.0,0.0,1
75411,41.2,875.0,47857.0,73.0,259.0,218.0,51.0,263.0,875.0,34.0,,0.0,0.0,1
75412,44.1,512.0,62000.0,32.0,41.0,30.0,5.0,263.0,512.0,149.0,,0.0,0.0,1
75414,36.9,3284.0,78776.0,426.0,91.0,394.0,120.0,73.0,3284.0,72.0,,0.0,0.0,1
75415,57.5,302.0,115446.0,55.0,11.0,28.0,226.0,263.0,302.0,149.0,,0.0,0.0,1
75416,42.8,2865.0,70000.0,486.0,124.0,244.0,15.0,72.0,2865.0,12.0,,0.0,0.0,1
75417,40.2,2357.0,53370.0,103.0,68.0,285.0,17.0,23.0,2357.0,39.0,75417,1.0,0.4242681374628765,0
75418,39.8,14473.0,58790.0,1269.0,611.0,1699.0,278.0,238.0,11760.0,172.0,75418,6.0,0.4145650521661024,0
75420,32.9,1364.0,59826.0,128.0,26.0,209.0,11.0,15.0,1364.0,38.0,,0.0,0.0,1
75421,28.8,847.0,57688.0,703.0,22.0,165.0,226.0,208.0,847.0,149.0,,0.0,0.0,1
75422,46.6,2826.0,65093.0,335.0,128.0,276.0,122.0,177.0,2826.0,7.0,,0.0,0.0,1
75423,40.8,3024.0,55288.0,145.0,45.0,449.0,68.0,32.0,3019.0,41.0,,0.0,0.0,1
75424,40.7,3483.0,85364.0,228.0,56.0,266.0,39.0,103.0,3483.0,149.0,,0.0,0.0,1
75426,53.6,3793.0,39203.0,248.0,68.0,1033.0,94.0,271.0,3603.0,74.0,75426,3.0,0.7909306617453203,0
75428,27.0,11398.0,51205.0,847.0,299.0,2204.0,337.0,220.0,11337.0,345.0,75428,3.0,0.2632040708896297,0
75431,43.1,1841.0,42201.0,56.0,13.0,367.0,64.0,20.0,1841.0,72.0,,0.0,0.0,1
75432,40.1,3115.0,64286.0,358.0,200.0,521.0,21.0,54.0,3052.0,67.0,75432,3.0,0.9630818619582664,0
75433,44.1,3053.0,80116.0,430.0,104.0,302.0,61.0,60.0,3053.0,40.0,,0.0,0.0,1
75435,58.1,1060.0,37321.0,117.0,11.0,271.0,3.0,6.0,1060.0,12.0,,0.0,0.0,1
75436,39.5,2334.0,75179.0,167.0,26.0,377.0,14.0,69.0,2334.0,34.0,,0.0,0.0,1
75437,37.3,1125.0,83611.0,73.0,49.0,115.0,37.0,50.0,1125.0,13.0,,0.0,0.0,1
75438,42.8,1046.0,92083.0,160.0,46.0,144.0,13.0,40.0,1046.0,16.0,,0.0,0.0,1
75439,35.0,1123.0,61250.0,48.0,30.0,177.0,21.0,33.0,1123.0,11.0,,0.0,0.0,1
75440,47.7,7251.0,61127.0,706.0,394.0,731.0,81.0,105.0,7187.0,104.0,75440,1.0,0.1379120121362571,0
75441,72.4,90.0,16474.0,6.0,7.0,965.0,226.0,263.0,90.0,149.0,,0.0,0.0,1
75442,40.3,10571.0,81839.0,1266.0,231.0,1355.0,304.0,55.0,10484.0,61.0,75442,2.0,0.1891968593321351,0
75446,39.2,3594.0,55744.0,486.0,142.0,462.0,85.0,105.0,3525.0,68.0,75446,1.0,0.2782415136338342,0
75447,39.5,1187.0,101875.0,72.0,25.0,130.0,12.0,104.0,1187.0,28.0,,0.0,0.0,1
75448,34.7,862.0,80098.0,74.0,6.0,15.0,123.0,263.0,862.0,149.0,,0.0,0.0,1
75449,42.3,1082.0,62500.0,55.0,33.0,115.0,70.0,35.0,1082.0,14.0,,0.0,0.0,1
75451,47.2,1613.0,47902.0,250.0,39.0,128.0,17.0,70.0,1613.0,12.0,,0.0,0.0,1
75452,36.8,4979.0,69911.0,415.0,189.0,579.0,144.0,79.0,4942.0,12.0,75452,1.0,0.2008435428800964,0
75453,35.1,3173.0,98518.0,324.0,83.0,117.0,129.0,91.0,3173.0,7.0,,0.0,0.0,1
75454,34.5,17241.0,137903.0,4093.0,1223.0,474.0,358.0,310.0,17241.0,25.0,,0.0,0.0,1
75455,33.4,26816.0,57120.0,1865.0,624.0,4635.0,474.0,1224.0,26584.0,445.0,75455,17.0,0.6339498806682577,0
75457,36.4,6278.0,70192.0,843.0,302.0,446.0,195.0,297.0,6179.0,53.0,75457,4.0,0.6371455877668047,0
75459,31.8,5395.0,71389.0,490.0,187.0,1100.0,100.0,388.0,5395.0,47.0,,0.0,0.0,1
75460,36.2,24094.0,43884.0,1802.0,625.0,5565.0,415.0,781.0,23713.0,1070.0,75460,29.0,1.2036191582966713,0
75462,39.6,11406.0,66884.0,1389.0,700.0,723.0,369.0,477.0,11283.0,172.0,75462,8.0,0.7013852358407856,0
75468,42.7,1142.0,69832.0,65.0,90.0,31.0,226.0,25.0,1142.0,8.0,,0.0,0.0,1
75469,53.9,311.0,79018.0,62.0,4.0,23.0,5.0,8.0,311.0,3.0,,0.0,0.0,1
75470,56.0,161.0,97581.0,10.0,3.0,7.0,226.0,263.0,161.0,31.0,,0.0,0.0,1
75471,38.3,1690.0,53221.0,114.0,17.0,302.0,226.0,263.0,1660.0,8.0,,0.0,0.0,1
75472,49.3,3905.0,56941.0,529.0,106.0,487.0,40.0,89.0,3905.0,89.0,,0.0,0.0,1
75473,50.0,3663.0,80699.0,472.0,104.0,199.0,37.0,92.0,3663.0,31.0,,0.0,0.0,1
75474,45.7,16586.0,62461.0,1344.0,400.0,2246.0,409.0,441.0,16545.0,153.0,,0.0,0.0,1
75476,53.0,1195.0,56250.0,78.0,71.0,131.0,39.0,263.0,1195.0,5.0,,0.0,0.0,1
75477,40.6,1246.0,80375.0,187.0,76.0,197.0,9.0,263.0,1246.0,11.0,,0.0,0.0,1
75478,44.0,879.0,54688.0,73.0,20.0,43.0,35.0,74.0,879.0,3.0,,0.0,0.0,1
75479,46.4,2019.0,72368.0,219.0,86.0,199.0,17.0,15.0,1951.0,25.0,75479,1.0,0.49529470034670625,0
75480,57.9,1730.0,69005.0,218.0,120.0,137.0,82.0,42.0,1730.0,17.0,,0.0,0.0,1
75481,37.0,385.0,61000.0,39.0,12.0,965.0,226.0,14.0,385.0,7.0,,0.0,0.0,1
75482,39.8,25724.0,63312.0,2655.0,1026.0,3485.0,647.0,895.0,25201.0,441.0,75482,14.0,0.5442388431037164,0
75486,47.5,2569.0,89750.0,172.0,55.0,392.0,28.0,78.0,2569.0,30.0,,0.0,0.0,1
75487,40.2,1398.0,35729.0,126.0,52.0,400.0,25.0,37.0,1398.0,41.0,,0.0,0.0,1
75488,31.2,919.0,62303.0,100.0,10.0,270.0,7.0,42.0,919.0,11.0,,0.0,0.0,1
75489,46.1,832.0,77273.0,96.0,28.0,38.0,2.0,2.0,832.0,2.0,,0.0,0.0,1
75490,42.6,2775.0,83516.0,204.0,113.0,243.0,24.0,31.0,2775.0,13.0,,0.0,0.0,1
75491,43.4,5094.0,73988.0,668.0,185.0,598.0,137.0,78.0,5078.0,90.0,75491,1.0,0.19630938358853553,0
75492,45.8,342.0,106806.0,23.0,16.0,14.0,6.0,17.0,342.0,11.0,,0.0,0.0,1
75493,21.3,699.0,55625.0,15.0,2.0,243.0,22.0,16.0,699.0,149.0,,0.0,0.0,1
75494,42.7,11167.0,65955.0,1208.0,372.0,1166.0,178.0,475.0,10475.0,76.0,75494,3.0,0.26864869705381933,0
75495,38.3,9658.0,89781.0,1333.0,390.0,717.0,49.0,578.0,9602.0,25.0,75495,5.0,0.5177055290950506,0
75496,44.1,3462.0,71250.0,348.0,187.0,284.0,42.0,178.0,3462.0,66.0,75496,1.0,0.28885037550548814,0
75497,59.2,3896.0,57368.0,595.0,155.0,455.0,15.0,25.0,3896.0,47.0,,0.0,0.0,1
75501,38.3,34183.0,44064.0,2403.0,783.0,8420.0,613.0,746.0,31963.0,1173.0,75501,6.0,0.17552584618085013,0
75503,37.9,27675.0,68977.0,3875.0,1708.0,2604.0,510.0,709.0,27138.0,505.0,75503,35.0,1.2646793134598011,0
75550,54.0,615.0,70192.0,47.0,7.0,108.0,38.0,5.0,615.0,4.0,,0.0,0.0,1
75551,39.6,10917.0,63929.0,1067.0,336.0,1819.0,283.0,222.0,10764.0,298.0,75551,8.0,0.7328020518457452,0
75554,43.5,2447.0,44630.0,174.0,103.0,308.0,3.0,99.0,2447.0,16.0,,0.0,0.0,1
75555,53.5,1534.0,50579.0,133.0,54.0,226.0,59.0,36.0,1534.0,66.0,,0.0,0.0,1
75556,37.4,1297.0,73214.0,92.0,32.0,349.0,34.0,263.0,1292.0,21.0,,0.0,0.0,1
75558,43.8,2043.0,90244.0,76.0,5.0,146.0,226.0,66.0,2043.0,18.0,,0.0,0.0,1
75559,47.2,5455.0,52983.0,347.0,232.0,957.0,95.0,189.0,5379.0,120.0,75559,1.0,0.18331805682859761,0
75560,37.2,1033.0,51394.0,85.0,61.0,154.0,1.0,58.0,1033.0,46.0,,0.0,0.0,1
75561,39.6,4901.0,55288.0,484.0,182.0,626.0,85.0,36.0,4901.0,53.0,,0.0,0.0,1
75563,51.1,3920.0,50108.0,322.0,109.0,789.0,155.0,61.0,3806.0,123.0,75563,3.0,0.7653061224489796,0
75565,13.5,218.0,19107.0,703.0,259.0,191.0,226.0,34.0,218.0,149.0,,0.0,0.0,1
75566,50.2,678.0,62159.0,32.0,8.0,24.0,17.0,3.0,678.0,149.0,,0.0,0.0,1
75567,45.7,3863.0,59069.0,368.0,193.0,555.0,13.0,256.0,3852.0,27.0,,0.0,0.0,1
75568,43.7,2494.0,50134.0,128.0,15.0,251.0,86.0,15.0,2454.0,98.0,,0.0,0.0,1
75569,28.0,3456.0,41850.0,102.0,172.0,694.0,52.0,263.0,3456.0,6.0,75569,1.0,0.28935185185185186,0
75570,37.4,11197.0,64304.0,1064.0,449.0,1165.0,209.0,100.0,8416.0,251.0,75570,2.0,0.17861927301955882,0
75571,42.8,2618.0,51450.0,101.0,177.0,364.0,79.0,38.0,2591.0,45.0,75571,2.0,0.7639419404125286,0
75572,43.5,3162.0,41600.0,283.0,37.0,612.0,126.0,107.0,3162.0,33.0,,0.0,0.0,1
75573,32.2,194.0,64792.0,2.0,259.0,965.0,226.0,45.0,194.0,149.0,,0.0,0.0,1
75574,49.0,1402.0,70801.0,150.0,80.0,129.0,226.0,11.0,1402.0,149.0,,0.0,0.0,1
75601,36.6,15470.0,60634.0,1784.0,700.0,2175.0,186.0,742.0,14416.0,377.0,75601,18.0,1.1635423400129283,0
75602,33.7,21343.0,54656.0,1386.0,387.0,4265.0,581.0,1154.0,21343.0,385.0,75602,1.0,0.046853769385747084,0
75603,39.7,6341.0,58750.0,666.0,276.0,1003.0,130.0,166.0,6316.0,15.0,,0.0,0.0,1
75604,33.9,31361.0,66109.0,2924.0,1091.0,4872.0,634.0,606.0,31280.0,581.0,75604,13.0,0.41452759797200345,0
75605,39.1,33614.0,73582.0,4634.0,1586.0,3973.0,445.0,707.0,32874.0,815.0,75605,28.0,0.8329862557267805,0
75630,52.0,2622.0,38750.0,257.0,66.0,601.0,35.0,95.0,2622.0,38.0,75630,1.0,0.38138825324180015,0
75631,38.8,2738.0,80703.0,216.0,100.0,279.0,53.0,89.0,2738.0,52.0,,0.0,0.0,1
75633,38.1,13055.0,62244.0,1279.0,280.0,1718.0,161.0,489.0,12804.0,88.0,75633,6.0,0.4595940252776714,0
75638,43.0,5041.0,53409.0,378.0,167.0,1001.0,137.0,67.0,4954.0,117.0,75638,1.0,0.19837333862328904,0
75639,46.5,2256.0,32727.0,32.0,65.0,317.0,62.0,115.0,2256.0,68.0,,0.0,0.0,1
75640,36.0,5720.0,80833.0,352.0,415.0,469.0,127.0,46.0,5720.0,74.0,,0.0,0.0,1
75641,45.8,101.0,42500.0,703.0,259.0,8.0,226.0,3.0,101.0,2.0,,0.0,0.0,1
75643,42.2,2216.0,55000.0,170.0,34.0,283.0,16.0,37.0,2216.0,19.0,,0.0,0.0,1
75644,40.1,12902.0,54579.0,1134.0,335.0,1846.0,320.0,343.0,12585.0,269.0,75644,6.0,0.46504417919702373,0
75645,44.4,10180.0,70315.0,982.0,209.0,1469.0,172.0,389.0,10180.0,28.0,75645,1.0,0.09823182711198428,0
75647,35.8,13026.0,53016.0,896.0,260.0,2434.0,288.0,273.0,12796.0,315.0,75647,6.0,0.460617227084293,0
75650,35.5,9921.0,84531.0,1447.0,475.0,544.0,95.0,366.0,9921.0,90.0,,0.0,0.0,1
75651,44.4,2197.0,65030.0,172.0,59.0,424.0,45.0,4.0,2197.0,44.0,,0.0,0.0,1
75652,39.4,13704.0,65905.0,1001.0,414.0,1227.0,352.0,137.0,9672.0,163.0,75652,9.0,0.6567425569176882,0
75654,39.3,12817.0,58839.0,976.0,728.0,1442.0,324.0,668.0,12704.0,182.0,75654,3.0,0.2340641335725989,0
75656,40.5,4580.0,51676.0,329.0,52.0,633.0,36.0,122.0,4491.0,77.0,75656,3.0,0.6550218340611353,0
75657,53.3,6771.0,48848.0,705.0,157.0,1004.0,392.0,32.0,6668.0,164.0,75657,2.0,0.2953773445576724,0
75661,49.5,2734.0,56600.0,239.0,25.0,319.0,26.0,89.0,2734.0,109.0,,0.0,0.0,1
75662,38.2,24640.0,64717.0,1989.0,706.0,3653.0,370.0,1203.0,24256.0,233.0,75662,8.0,0.3246753246753247,0
75667,44.4,1329.0,68309.0,61.0,24.0,150.0,66.0,263.0,1329.0,10.0,,0.0,0.0,1
75668,35.9,2471.0,48214.0,39.0,24.0,303.0,103.0,26.0,2471.0,38.0,,0.0,0.0,1
75669,35.8,1041.0,81155.0,51.0,6.0,168.0,226.0,86.0,1041.0,10.0,,0.0,0.0,1
75670,32.4,18466.0,37106.0,1030.0,513.0,5112.0,782.0,650.0,17981.0,766.0,75670,11.0,0.595689375067692,0
75672,40.9,16637.0,68853.0,1821.0,730.0,2221.0,436.0,405.0,16429.0,359.0,75672,2.0,0.12021398088597704,0
75681,44.7,2593.0,58125.0,230.0,86.0,414.0,52.0,15.0,2593.0,40.0,,0.0,0.0,1
75682,53.3,664.0,53125.0,64.0,18.0,19.0,3.0,13.0,664.0,3.0,,0.0,0.0,1
75683,42.8,3810.0,43531.0,332.0,13.0,778.0,49.0,121.0,3810.0,87.0,,0.0,0.0,1
75684,31.2,8030.0,51629.0,521.0,133.0,1205.0,178.0,182.0,7435.0,91.0,75684,1.0,0.12453300124533001,0
75686,38.9,13180.0,55327.0,1148.0,420.0,2993.0,365.0,677.0,13124.0,217.0,75686,3.0,0.22761760242792112,0
75689,26.6,201.0,95724.0,703.0,259.0,16.0,23.0,263.0,201.0,149.0,,0.0,0.0,1
75691,37.5,4547.0,81667.0,323.0,123.0,772.0,88.0,36.0,4547.0,24.0,,0.0,0.0,1
75692,48.9,4830.0,60705.0,442.0,129.0,697.0,178.0,101.0,4830.0,122.0,75692,1.0,0.2070393374741201,0
75693,35.9,6128.0,92938.0,726.0,196.0,687.0,143.0,244.0,6082.0,3.0,,0.0,0.0,1
75701,34.6,34822.0,59107.0,4560.0,1261.0,5218.0,901.0,702.0,34222.0,656.0,75701,43.0,1.2348515306415484,0
75702,31.1,27775.0,48485.0,715.0,281.0,5396.0,909.0,1709.0,26573.0,751.0,75702,10.0,0.36003600360036003,0
75703,37.7,43682.0,77858.0,8375.0,2379.0,3824.0,1094.0,748.0,43238.0,663.0,75703,28.0,0.6409962913785998,0
75704,42.0,9284.0,55967.0,911.0,301.0,1220.0,56.0,338.0,9175.0,31.0,75704,9.0,0.969409737182249,0
75705,40.3,2348.0,70850.0,187.0,59.0,297.0,128.0,185.0,2348.0,128.0,75705,1.0,0.42589437819420783,0
75706,33.3,11334.0,63477.0,502.0,199.0,2154.0,293.0,254.0,11239.0,150.0,,0.0,0.0,1
75707,42.3,15724.0,79764.0,2333.0,992.0,1215.0,285.0,461.0,15684.0,86.0,75707,3.0,0.1907911472907657,0
75708,31.1,10155.0,79864.0,148.0,232.0,962.0,246.0,405.0,10099.0,147.0,75708,1.0,0.09847365829640571,0
75709,44.9,5031.0,71013.0,814.0,320.0,460.0,30.0,407.0,5031.0,132.0,,0.0,0.0,1
75750,48.1,3291.0,70109.0,276.0,122.0,343.0,65.0,18.0,3291.0,92.0,,0.0,0.0,1
75751,37.2,17989.0,59399.0,1362.0,587.0,2662.0,249.0,958.0,17172.0,769.0,75751,13.0,0.7226638501306354,0
75752,43.4,7573.0,62135.0,810.0,450.0,553.0,94.0,390.0,7573.0,101.0,75752,2.0,0.26409613099168094,0
75754,48.5,7460.0,87846.0,692.0,266.0,443.0,99.0,257.0,7453.0,149.0,75754,1.0,0.13404825737265416,0
75755,41.3,4982.0,52913.0,285.0,59.0,1029.0,78.0,323.0,4982.0,88.0,,0.0,0.0,1
75756,40.4,4299.0,79688.0,377.0,267.0,422.0,84.0,193.0,4299.0,19.0,,0.0,0.0,1
75757,39.9,13430.0,79070.0,1876.0,817.0,1044.0,226.0,691.0,13430.0,52.0,75757,1.0,0.0744601638123604,0
75758,48.6,9131.0,59727.0,1040.0,246.0,1136.0,221.0,294.0,9051.0,46.0,75758,2.0,0.2190340597962983,0
75759,37.8,139.0,25156.0,703.0,259.0,59.0,1.0,17.0,139.0,8.0,,0.0,0.0,1
75760,55.0,2204.0,67294.0,205.0,204.0,277.0,23.0,92.0,2204.0,77.0,,0.0,0.0,1
75762,42.0,14459.0,78520.0,2474.0,1185.0,963.0,175.0,302.0,14459.0,67.0,,0.0,0.0,1
75763,44.2,6336.0,65022.0,564.0,291.0,814.0,149.0,358.0,6299.0,66.0,75763,1.0,0.15782828282828285,0
75764,27.3,158.0,73021.0,9.0,259.0,3.0,226.0,9.0,158.0,3.0,,0.0,0.0,1
75765,50.7,7944.0,56477.0,943.0,591.0,756.0,266.0,88.0,7944.0,147.0,,0.0,0.0,1
75766,34.6,26128.0,50279.0,1821.0,786.0,4936.0,738.0,1084.0,25809.0,729.0,75766,13.0,0.49755052051439075,0
75770,49.7,2557.0,98178.0,265.0,70.0,112.0,30.0,91.0,2557.0,29.0,,0.0,0.0,1
75771,41.7,21408.0,83516.0,2453.0,985.0,1805.0,307.0,724.0,21284.0,162.0,75771,6.0,0.2802690582959641,0
75773,44.2,14227.0,57854.0,941.0,596.0,2098.0,445.0,173.0,14076.0,438.0,75773,4.0,0.28115554930765446,0
75778,41.7,2471.0,43812.0,251.0,64.0,208.0,15.0,5.0,2471.0,33.0,,0.0,0.0,1
75780,27.9,404.0,64375.0,10.0,14.0,12.0,18.0,16.0,404.0,149.0,,0.0,0.0,1
75783,47.9,7854.0,62410.0,622.0,371.0,1125.0,148.0,247.0,7641.0,176.0,75783,2.0,0.25464731347084285,0
75784,45.8,794.0,58750.0,58.0,53.0,66.0,87.0,41.0,794.0,1.0,,0.0,0.0,1
75785,41.1,10906.0,61815.0,704.0,174.0,1002.0,239.0,140.0,8172.0,206.0,75785,5.0,0.4584632312488538,0
75789,38.7,7898.0,79112.0,699.0,327.0,1441.0,235.0,213.0,7898.0,102.0,75789,1.0,0.12661433274246645,0
75790,38.2,3777.0,61218.0,381.0,189.0,733.0,63.0,149.0,3767.0,31.0,75790,1.0,0.2647603918453799,0
75791,36.9,14685.0,72203.0,1868.0,587.0,1942.0,380.0,116.0,14622.0,185.0,75791,2.0,0.13619339462036092,0
75792,42.1,3558.0,52153.0,243.0,41.0,990.0,66.0,61.0,3558.0,44.0,,0.0,0.0,1
75801,34.6,16549.0,46706.0,1641.0,303.0,2607.0,400.0,633.0,16335.0,501.0,75801,21.0,1.2689588494773099,0
75803,41.2,21702.0,57654.0,930.0,462.0,2706.0,140.0,311.0,15999.0,507.0,75803,1.0,0.046078702423739744,0
75831,41.2,5152.0,47358.0,209.0,98.0,867.0,141.0,265.0,5144.0,57.0,75831,1.0,0.19409937888198756,0
75833,46.8,2764.0,62378.0,238.0,91.0,199.0,24.0,123.0,2700.0,31.0,75833,1.0,0.361794500723589,0
75835,46.2,11470.0,48706.0,993.0,230.0,2476.0,219.0,278.0,11064.0,470.0,75835,8.0,0.6974716652136007,0
75838,59.9,304.0,37386.0,40.0,259.0,8.0,226.0,10.0,304.0,149.0,,0.0,0.0,1
75839,36.6,6189.0,63412.0,490.0,127.0,926.0,83.0,148.0,6112.0,27.0,75839,2.0,0.3231539828728389,0
75840,39.7,6428.0,53368.0,551.0,201.0,1012.0,192.0,49.0,6219.0,69.0,75840,3.0,0.46670815183571873,0
75844,43.4,4922.0,50294.0,462.0,225.0,473.0,136.0,96.0,4922.0,61.0,,0.0,0.0,1
75845,47.9,2262.0,54850.0,229.0,36.0,325.0,59.0,3.0,2189.0,136.0,75845,1.0,0.44208664898320066,0
75846,38.7,2609.0,57482.0,248.0,98.0,349.0,58.0,89.0,2609.0,20.0,,0.0,0.0,1
75847,38.8,1634.0,52969.0,131.0,55.0,160.0,226.0,45.0,1634.0,38.0,75847,1.0,0.6119951040391677,0
75849,39.5,125.0,43125.0,13.0,6.0,26.0,6.0,263.0,123.0,149.0,,0.0,0.0,1
75851,43.1,4513.0,61310.0,174.0,89.0,265.0,27.0,47.0,2012.0,12.0,,0.0,0.0,1
75852,35.1,3173.0,52768.0,250.0,32.0,227.0,78.0,20.0,1121.0,30.0,,0.0,0.0,1
75853,34.3,1042.0,68750.0,145.0,52.0,44.0,47.0,263.0,1042.0,149.0,,0.0,0.0,1
75855,57.7,2657.0,39337.0,271.0,72.0,442.0,15.0,21.0,2638.0,49.0,,0.0,0.0,1
75856,22.6,211.0,145096.0,61.0,259.0,20.0,226.0,263.0,211.0,149.0,,0.0,0.0,1
75858,67.2,60.0,56591.0,703.0,259.0,965.0,226.0,263.0,60.0,149.0,,0.0,0.0,1
75859,57.2,2607.0,59698.0,423.0,133.0,194.0,3.0,41.0,2607.0,28.0,,0.0,0.0,1
75860,37.7,6305.0,60995.0,385.0,106.0,742.0,38.0,145.0,5141.0,69.0,75860,3.0,0.47581284694686754,0
75861,44.1,1438.0,75528.0,137.0,12.0,174.0,6.0,263.0,1438.0,37.0,,0.0,0.0,1
75862,51.7,10017.0,47377.0,785.0,244.0,1441.0,282.0,355.0,9937.0,430.0,75862,2.0,0.1996605770190676,0
75901,34.3,28257.0,59350.0,2468.0,1046.0,4219.0,810.0,1237.0,27788.0,442.0,75901,18.0,0.6370102983331564,0
75903,56.2,136.0,28554.0,703.0,259.0,965.0,226.0,263.0,136.0,149.0,,0.0,0.0,1
75904,37.0,34191.0,59444.0,2561.0,1502.0,5277.0,1129.0,882.0,33812.0,970.0,75904,31.0,0.9066713462607119,0
75925,37.9,3217.0,41328.0,186.0,52.0,562.0,42.0,118.0,3179.0,109.0,,0.0,0.0,1
75926,41.5,1301.0,58375.0,78.0,27.0,202.0,37.0,18.0,1301.0,18.0,,0.0,0.0,1
75928,54.1,987.0,23718.0,703.0,259.0,338.0,109.0,21.0,987.0,40.0,,0.0,0.0,1
75929,58.0,1358.0,63454.0,50.0,16.0,277.0,98.0,5.0,1358.0,8.0,,0.0,0.0,1
75930,45.2,1972.0,53472.0,127.0,26.0,371.0,50.0,122.0,1972.0,5.0,,0.0,0.0,1
75931,54.7,2053.0,54931.0,265.0,67.0,204.0,29.0,101.0,2053.0,64.0,,0.0,0.0,1
75932,50.9,1393.0,55804.0,34.0,22.0,327.0,20.0,5.0,1393.0,47.0,,0.0,0.0,1
75935,39.3,12073.0,52569.0,704.0,266.0,2632.0,211.0,592.0,11913.0,161.0,75935,5.0,0.41414727076948565,0
75936,48.0,951.0,65000.0,58.0,37.0,103.0,63.0,10.0,951.0,9.0,75936,2.0,1.6989963870320643,0
75937,40.8,1303.0,80262.0,150.0,23.0,174.0,37.0,70.0,1303.0,2.0,,0.0,0.0,1
75938,45.6,2306.0,47609.0,210.0,54.0,400.0,48.0,23.0,2305.0,81.0,,0.0,0.0,1
75939,42.4,5415.0,45339.0,253.0,116.0,903.0,535.0,98.0,5349.0,85.0,75939,1.0,0.18467220683287164,0
75941,40.0,8666.0,56083.0,681.0,257.0,1553.0,189.0,309.0,7612.0,181.0,75941,2.0,0.23078698361412417,0
75943,42.1,1372.0,71500.0,204.0,112.0,159.0,2.0,29.0,1372.0,26.0,,0.0,0.0,1
75944,58.3,852.0,34667.0,67.0,47.0,224.0,46.0,263.0,852.0,5.0,,0.0,0.0,1
75946,42.0,3943.0,58125.0,456.0,122.0,442.0,95.0,282.0,3844.0,155.0,75946,1.0,0.25361399949277197,0
75948,58.1,5307.0,46157.0,444.0,381.0,849.0,160.0,71.0,5209.0,63.0,75948,5.0,0.9421518748822311,0
75949,42.1,8472.0,49577.0,539.0,132.0,1241.0,166.0,231.0,8393.0,110.0,75949,1.0,0.11803588290840417,0
75951,41.9,15148.0,44141.0,1043.0,344.0,4006.0,748.0,254.0,14316.0,441.0,75951,15.0,0.9902297332981251,0
75954,44.8,2719.0,44750.0,189.0,65.0,737.0,24.0,67.0,2719.0,144.0,,0.0,0.0,1
75956,43.8,7374.0,48125.0,183.0,226.0,1581.0,404.0,338.0,7291.0,173.0,75956,3.0,0.4068348250610252,0
75959,36.3,974.0,58542.0,71.0,25.0,103.0,15.0,22.0,974.0,149.0,,0.0,0.0,1
75960,35.9,785.0,70156.0,20.0,259.0,13.0,7.0,263.0,785.0,149.0,,0.0,0.0,1
75961,31.6,15081.0,38547.0,1141.0,404.0,4370.0,526.0,292.0,15035.0,361.0,75961,14.0,0.9283204031562894,0
75964,34.1,20623.0,55039.0,1259.0,558.0,4138.0,620.0,577.0,20205.0,515.0,75964,6.0,0.2909373030112011,0
75965,29.7,17410.0,52073.0,2662.0,984.0,3639.0,437.0,193.0,17169.0,456.0,75965,9.0,0.5169442848937392,0
75966,41.1,4788.0,38156.0,141.0,48.0,1187.0,284.0,425.0,4636.0,102.0,75966,3.0,0.6265664160401002,0
75968,39.6,2128.0,43472.0,72.0,76.0,636.0,78.0,78.0,2120.0,132.0,75968,1.0,0.4699248120300752,0
75969,47.8,4597.0,67471.0,357.0,109.0,658.0,226.0,123.0,4595.0,14.0,,0.0,0.0,1
75972,48.1,6081.0,42272.0,406.0,208.0,1621.0,191.0,237.0,5854.0,349.0,75972,5.0,0.82223318533136,0
75973,41.0,2934.0,52037.0,259.0,84.0,749.0,112.0,69.0,2934.0,25.0,,0.0,0.0,1
75974,38.1,2726.0,41875.0,195.0,25.0,812.0,20.0,259.0,2726.0,92.0,,0.0,0.0,1
75975,34.5,4441.0,58318.0,213.0,74.0,1009.0,54.0,96.0,4441.0,150.0,,0.0,0.0,1
75976,30.4,1225.0,62417.0,40.0,68.0,374.0,21.0,263.0,1172.0,14.0,75976,1.0,0.8163265306122449,0
75977,42.2,461.0,22273.0,5.0,259.0,151.0,15.0,6.0,461.0,25.0,,0.0,0.0,1
75979,40.4,11473.0,43822.0,564.0,272.0,2225.0,505.0,348.0,9344.0,269.0,75979,8.0,0.6972892878933148,0
75980,45.8,2522.0,40648.0,100.0,11.0,628.0,71.0,116.0,2522.0,39.0,,0.0,0.0,1
76001,34.3,38010.0,101311.0,7108.0,2379.0,3404.0,932.0,1025.0,37849.0,164.0,76001,7.0,0.1841620626151013,0
76002,32.7,33076.0,102369.0,4860.0,1861.0,2334.0,1433.0,756.0,32902.0,175.0,76002,10.0,0.30233401862377557,0
76005,36.7,4899.0,191250.0,1285.0,720.0,125.0,80.0,70.0,4899.0,8.0,,0.0,0.0,1
76006,32.9,24072.0,56312.0,3812.0,1692.0,2101.0,865.0,311.0,24061.0,420.0,76006,25.0,1.0385510136257892,0
76008,36.6,23084.0,154054.0,5420.0,2584.0,644.0,263.0,585.0,23033.0,71.0,76008,2.0,0.08664009703690868,0
76009,37.1,19879.0,71996.0,1266.0,487.0,2917.0,252.0,463.0,19661.0,272.0,76009,2.0,0.10060868252930227,0
76010,27.5,57197.0,42571.0,2514.0,856.0,13569.0,1891.0,3883.0,57120.0,1296.0,76010,8.0,0.13986747556690038,0
76011,30.8,22529.0,50200.0,2619.0,1142.0,4262.0,725.0,1242.0,22273.0,801.0,76011,26.0,1.154068090017311,0
76012,41.1,27769.0,80972.0,5156.0,2256.0,4221.0,305.0,851.0,27374.0,666.0,76012,12.0,0.4321365551514279,0
76013,31.5,35535.0,64585.0,6096.0,2526.0,5538.0,1122.0,766.0,35475.0,859.0,76013,23.0,0.6472491909385113,0
76014,31.8,32805.0,60894.0,2631.0,694.0,5145.0,968.0,1365.0,32576.0,445.0,76014,7.0,0.2133821063862216,0
76015,32.1,17474.0,69805.0,2358.0,843.0,2223.0,534.0,826.0,17380.0,373.0,76015,14.0,0.8011903399336157,0
76016,42.0,31079.0,103605.0,5953.0,2175.0,1714.0,999.0,575.0,30944.0,354.0,76016,9.0,0.2895846069693362,0
76017,38.0,46361.0,89930.0,7306.0,2743.0,3768.0,1373.0,1219.0,46342.0,372.0,76017,16.0,0.3451176635534178,0
76018,31.0,27827.0,83815.0,2882.0,1443.0,2104.0,798.0,1020.0,27827.0,195.0,76018,13.0,0.4671721709131419,0
76020,40.0,32937.0,87923.0,3519.0,1132.0,3188.0,616.0,445.0,32730.0,283.0,76020,9.0,0.2732489297750251,0
76021,38.9,34858.0,84539.0,7791.0,2826.0,2590.0,981.0,478.0,34606.0,794.0,76021,14.0,0.4016294681278329,0
76022,37.1,14632.0,70286.0,1938.0,490.0,712.0,252.0,359.0,14467.0,272.0,76022,9.0,0.6150902132312739,0
76023,40.9,7227.0,83750.0,798.0,127.0,755.0,70.0,258.0,7227.0,85.0,,0.0,0.0,1
76028,37.5,76343.0,93314.0,10061.0,3931.0,5103.0,1321.0,1713.0,75990.0,678.0,76028,16.0,0.20958044614437474,0
76031,37.3,18108.0,68203.0,1370.0,352.0,2676.0,421.0,1157.0,17600.0,140.0,76031,11.0,0.6074663132317208,0
76033,38.2,27664.0,65488.0,2559.0,735.0,3185.0,289.0,786.0,27319.0,334.0,76033,12.0,0.43377674956622325,0
76034,47.2,25793.0,196034.0,7511.0,3547.0,862.0,491.0,84.0,25778.0,27.0,76034,1.0,0.038770208971426356,0
76035,36.2,3101.0,112983.0,424.0,203.0,326.0,11.0,97.0,3097.0,11.0,,0.0,0.0,1
76036,34.6,30489.0,89393.0,3618.0,1475.0,1822.0,805.0,661.0,30300.0,203.0,76036,5.0,0.16399357145199908,0
76039,34.3,41045.0,80176.0,7850.0,3207.0,3484.0,1379.0,1228.0,41042.0,382.0,76039,1.0,0.024363503471799244,0
76040,33.6,30708.0,65698.0,4234.0,1562.0,2894.0,743.0,1339.0,30606.0,531.0,76040,13.0,0.42334245147844207,0
76041,35.9,772.0,154427.0,77.0,259.0,965.0,11.0,263.0,772.0,149.0,,0.0,0.0,1
76043,43.8,7281.0,75764.0,1219.0,247.0,302.0,176.0,54.0,7104.0,96.0,76043,2.0,0.2746875429199286,0
76044,36.5,7644.0,88795.0,764.0,282.0,473.0,141.0,99.0,7644.0,41.0,76044,2.0,0.26164311878597596,0
76048,45.8,27005.0,61728.0,3547.0,1284.0,3251.0,609.0,770.0,26226.0,447.0,76048,15.0,0.5554526939455656,0
76049,51.6,29301.0,96674.0,5506.0,2011.0,1457.0,963.0,779.0,29301.0,134.0,76049,4.0,0.13651411214634313,0
76050,44.3,7395.0,80858.0,609.0,106.0,458.0,83.0,130.0,7314.0,55.0,76050,2.0,0.2704530087897228,0
76051,39.8,50303.0,106726.0,12462.0,5085.0,2887.0,1596.0,842.0,50051.0,960.0,76051,17.0,0.3379520108144643,0
76052,34.9,27171.0,135348.0,5444.0,2377.0,1013.0,370.0,784.0,27048.0,133.0,,0.0,0.0,1
76053,35.7,31396.0,59985.0,4106.0,1549.0,3870.0,524.0,1069.0,31253.0,506.0,76053,9.0,0.2866607211109695,0
76054,43.9,11886.0,104748.0,2942.0,1041.0,489.0,202.0,467.0,11717.0,45.0,76054,12.0,1.0095911155981827,0
76055,37.5,3566.0,68466.0,148.0,131.0,481.0,34.0,149.0,3463.0,6.0,76055,1.0,0.28042624789680315,0
76058,34.4,21082.0,66777.0,1443.0,436.0,3004.0,348.0,789.0,20972.0,72.0,76058,2.0,0.0948676596148373,0
76059,30.2,5224.0,49703.0,454.0,158.0,713.0,96.0,611.0,5056.0,5.0,76059,2.0,0.38284839203675347,0
76060,42.8,8552.0,112931.0,1278.0,387.0,576.0,227.0,110.0,8500.0,101.0,76060,1.0,0.11693171188026193,0
76063,37.8,80101.0,110303.0,12778.0,5794.0,5272.0,1544.0,2538.0,79563.0,676.0,76063,31.0,0.3870113981098862,0
76064,47.2,1952.0,78523.0,217.0,173.0,126.0,71.0,73.0,1935.0,149.0,,0.0,0.0,1
76065,36.4,42415.0,121063.0,6880.0,2589.0,2280.0,664.0,1337.0,42353.0,145.0,76065,9.0,0.21218908405045386,0
76066,37.6,4923.0,98145.0,429.0,519.0,623.0,168.0,36.0,4921.0,152.0,,0.0,0.0,1
76067,37.0,20582.0,59845.0,1223.0,418.0,3751.0,783.0,989.0,20285.0,378.0,76067,7.0,0.34010300262365173,0
76070,25.4,766.0,130630.0,703.0,19.0,965.0,226.0,96.0,766.0,149.0,,0.0,0.0,1
76071,32.2,4610.0,94318.0,366.0,96.0,922.0,276.0,68.0,4610.0,16.0,,0.0,0.0,1
76073,42.9,6948.0,107759.0,897.0,144.0,333.0,136.0,161.0,6948.0,149.0,,0.0,0.0,1
76078,35.0,9696.0,89794.0,990.0,202.0,854.0,183.0,240.0,9696.0,49.0,,0.0,0.0,1
76082,37.6,23489.0,84506.0,1850.0,428.0,2644.0,607.0,1067.0,23414.0,220.0,76082,1.0,0.042573119332453495,0
76084,33.5,12058.0,85748.0,813.0,413.0,1257.0,213.0,617.0,11019.0,31.0,,0.0,0.0,1
76085,43.6,11695.0,91128.0,1077.0,413.0,1046.0,163.0,144.0,11625.0,42.0,76085,1.0,0.08550662676357418,0
76086,35.4,21979.0,65707.0,2229.0,766.0,2431.0,481.0,668.0,20874.0,566.0,76086,21.0,0.9554574821420446,0
76087,41.1,31831.0,101606.0,5867.0,1778.0,2616.0,612.0,682.0,31751.0,154.0,76087,3.0,0.09424774590807704,0
76088,43.4,14693.0,89554.0,2114.0,479.0,851.0,410.0,518.0,14679.0,264.0,,0.0,0.0,1
76092,42.2,31212.0,250001.0,8061.0,4385.0,619.0,339.0,159.0,31124.0,174.0,76092,15.0,0.4805843906189927,0
76093,42.9,3485.0,52832.0,202.0,109.0,357.0,259.0,50.0,3485.0,81.0,,0.0,0.0,1
76102,36.8,11645.0,81074.0,1768.0,876.0,1307.0,134.0,29.0,7290.0,306.0,76102,14.0,1.2022327179046801,0
76103,30.8,17285.0,56641.0,1235.0,420.0,3434.0,913.0,1168.0,17049.0,474.0,76103,6.0,0.3471217818918137,0
76104,32.4,18914.0,46098.0,1448.0,548.0,5897.0,501.0,993.0,18476.0,601.0,76104,39.0,1.6989963870320643,0
76105,29.8,23252.0,44193.0,498.0,81.0,5453.0,896.0,1345.0,23173.0,620.0,76105,3.0,0.1290211594701531,0
76106,30.3,37777.0,51972.0,1176.0,309.0,9071.0,1291.0,2085.0,37527.0,472.0,76106,3.0,0.07941339968764063,0
76107,37.6,29629.0,77277.0,7465.0,2794.0,3100.0,513.0,815.0,29380.0,975.0,76107,30.0,1.0125215160822167,0
76108,36.4,44930.0,73183.0,5196.0,2194.0,3808.0,927.0,1407.0,44433.0,335.0,76108,10.0,0.22256843979523705,0
76109,31.9,25658.0,99102.0,6555.0,2954.0,2766.0,488.0,322.0,25527.0,315.0,76109,12.0,0.4676903889625068,0
76110,32.8,33640.0,59933.0,3727.0,1400.0,6558.0,598.0,1919.0,33631.0,855.0,76110,2.0,0.059453032104637336,0
76111,34.9,21366.0,54884.0,1421.0,315.0,2802.0,559.0,987.0,21303.0,257.0,76111,1.0,0.04680333239726669,0
76112,32.7,44116.0,53335.0,4138.0,1380.0,8811.0,1678.0,2658.0,44051.0,1434.0,76112,16.0,0.36268020672771784,0
76114,34.7,27297.0,63454.0,1822.0,550.0,4511.0,583.0,1451.0,26645.0,673.0,76114,3.0,0.10990218705352237,0
76115,28.0,21355.0,45311.0,969.0,859.0,5428.0,556.0,1720.0,21355.0,346.0,76115,1.0,0.04682744088035589,0
76116,34.3,49232.0,50982.0,6991.0,2600.0,11184.0,1407.0,1729.0,48883.0,2677.0,76116,14.0,0.2843678908027299,0
76117,34.7,32692.0,49782.0,1627.0,438.0,4715.0,526.0,1379.0,32545.0,611.0,76117,4.0,0.1223540927444023,0
76118,38.2,16822.0,89394.0,2221.0,1008.0,1390.0,351.0,433.0,16626.0,92.0,76118,3.0,0.1783378908572108,0
76119,32.1,51401.0,44605.0,1813.0,546.0,11376.0,1827.0,2858.0,49727.0,1621.0,76119,10.0,0.19454874418785625,0
76120,34.4,19842.0,70129.0,2957.0,995.0,2502.0,423.0,455.0,19836.0,567.0,76120,9.0,0.4535833081342606,0
76123,33.6,40973.0,91180.0,5274.0,2100.0,3523.0,1813.0,1054.0,40811.0,262.0,76123,6.0,0.14643789812803554,0
76126,38.7,25480.0,106467.0,5044.0,2052.0,943.0,460.0,450.0,25367.0,70.0,76126,2.0,0.07849293563579278,0
76127,35.6,1657.0,103971.0,23.0,20.0,965.0,226.0,263.0,110.0,149.0,,0.0,0.0,1
76131,33.4,50572.0,101087.0,8485.0,3409.0,1992.0,918.0,1514.0,50367.0,201.0,76131,2.0,0.03954757573360753,0
76132,35.8,26709.0,68284.0,5291.0,2499.0,3327.0,471.0,697.0,26411.0,1077.0,76132,20.0,0.7488112621213823,0
76133,33.7,54241.0,69506.0,5779.0,3167.0,7319.0,1226.0,2573.0,53941.0,1527.0,76133,18.0,0.3318522888589812,0
76134,32.3,29211.0,65516.0,2199.0,1302.0,3216.0,1582.0,989.0,29035.0,538.0,76134,4.0,0.1369347163739687,0
76135,39.6,18648.0,69525.0,1921.0,863.0,1805.0,683.0,623.0,18433.0,461.0,76135,4.0,0.2145002145002145,0
76137,34.1,58970.0,86733.0,8907.0,2686.0,3674.0,1302.0,1601.0,58882.0,237.0,76137,7.0,0.11870442597931151,0
76140,32.7,31882.0,70933.0,2093.0,778.0,3399.0,1190.0,1610.0,31751.0,701.0,76140,5.0,0.1568283043723731,0
76148,37.6,24080.0,88121.0,3148.0,700.0,2230.0,737.0,788.0,23964.0,108.0,76148,5.0,0.20764119601328904,0
76155,31.0,6295.0,59653.0,1323.0,702.0,654.0,23.0,63.0,6295.0,164.0,,0.0,0.0,1
76164,35.2,13853.0,52691.0,358.0,68.0,3426.0,382.0,588.0,13853.0,319.0,76164,1.0,0.07218652999350321,0
76177,34.0,21967.0,102719.0,4992.0,1747.0,952.0,944.0,170.0,21963.0,366.0,76177,1.0,0.045522829699094096,0
76179,34.4,74074.0,106288.0,9770.0,3976.0,4876.0,1392.0,1705.0,73848.0,120.0,76179,1.0,0.0135000135000135,0
76180,37.2,37271.0,76416.0,5714.0,2216.0,2605.0,780.0,857.0,36859.0,568.0,76180,15.0,0.4024576748678597,0
76182,42.6,30509.0,110669.0,6317.0,2055.0,1463.0,402.0,587.0,30418.0,78.0,76182,1.0,0.032777213281326815,0
76201,23.7,28345.0,37703.0,3528.0,1639.0,7000.0,1225.0,560.0,27786.0,1094.0,76201,12.0,0.42335508908096664,0
76205,29.0,20734.0,60196.0,3707.0,1105.0,3681.0,744.0,419.0,20306.0,195.0,76205,5.0,0.24114980225716215,0
76207,39.9,16685.0,88152.0,3034.0,1543.0,1539.0,300.0,311.0,16667.0,74.0,76207,3.0,0.17980221756068324,0
76208,34.1,27364.0,100314.0,3919.0,1448.0,2086.0,491.0,806.0,27288.0,219.0,76208,7.0,0.25581055401257125,0
76209,30.9,27538.0,69090.0,3631.0,1953.0,4440.0,702.0,391.0,27384.0,462.0,76209,3.0,0.10894037330234585,0
76210,38.4,44990.0,102036.0,8203.0,3341.0,3528.0,774.0,1466.0,44403.0,351.0,76210,17.0,0.37786174705490105,0
76225,44.3,3093.0,75750.0,382.0,70.0,335.0,95.0,87.0,3093.0,3.0,,0.0,0.0,1
76226,40.3,37413.0,165428.0,11096.0,4324.0,1137.0,550.0,232.0,37413.0,135.0,76226,1.0,0.026728677197765484,0
76227,35.5,49155.0,106113.0,9491.0,3415.0,3770.0,1265.0,1248.0,49045.0,365.0,76227,1.0,0.020343810395687112,0
76228,46.4,1258.0,67386.0,164.0,29.0,158.0,10.0,59.0,1258.0,5.0,,0.0,0.0,1
76230,44.1,9742.0,68301.0,859.0,160.0,946.0,69.0,197.0,9564.0,172.0,76230,3.0,0.3079449804968179,0
76233,42.9,3256.0,68068.0,373.0,180.0,197.0,13.0,49.0,3234.0,31.0,76233,1.0,0.3071253071253071,0
76234,38.4,20110.0,85052.0,1877.0,863.0,922.0,263.0,750.0,19887.0,81.0,76234,9.0,0.4475385380407757,0
76238,35.0,499.0,107614.0,51.0,25.0,965.0,226.0,12.0,499.0,7.0,,0.0,0.0,1
76239,48.6,1157.0,56042.0,95.0,70.0,78.0,12.0,96.0,1157.0,3.0,,0.0,0.0,1
76240,38.4,29253.0,58384.0,2903.0,1085.0,4754.0,603.0,1123.0,28809.0,660.0,76240,10.0,0.3418452808258982,0
76244,34.7,75185.0,116568.0,13782.0,4944.0,3929.0,1741.0,1609.0,75144.0,248.0,76244,12.0,0.15960630444902574,0
76245,64.9,1847.0,66652.0,232.0,73.0,303.0,226.0,19.0,1847.0,149.0,,0.0,0.0,1
76247,37.0,16870.0,107405.0,2384.0,689.0,465.0,501.0,277.0,16743.0,140.0,76247,1.0,0.05927682276229994,0
76248,43.2,40130.0,161383.0,10585.0,4121.0,1300.0,594.0,541.0,39759.0,513.0,76248,9.0,0.224271118863693,0
76249,36.2,9572.0,103375.0,1742.0,320.0,632.0,167.0,494.0,9572.0,213.0,76249,2.0,0.20894274968658588,0
76250,45.9,835.0,81964.0,95.0,36.0,22.0,4.0,8.0,835.0,2.0,,0.0,0.0,1
76251,41.2,672.0,61172.0,95.0,8.0,58.0,13.0,5.0,613.0,149.0,,0.0,0.0,1
76252,45.6,2729.0,103098.0,423.0,163.0,137.0,115.0,26.0,2705.0,22.0,76252,2.0,0.7328691828508611,0
76253,39.4,264.0,64130.0,3.0,259.0,965.0,226.0,263.0,264.0,149.0,,0.0,0.0,1
76255,40.8,5743.0,53901.0,464.0,113.0,986.0,262.0,91.0,5684.0,153.0,76255,2.0,0.34825004353125544,0
76258,43.7,7559.0,81552.0,1212.0,300.0,613.0,193.0,279.0,7413.0,35.0,76258,5.0,0.6614631565021828,0
76259,37.7,5611.0,82041.0,575.0,352.0,655.0,79.0,104.0,5611.0,105.0,,0.0,0.0,1
76261,55.1,152.0,58571.0,33.0,6.0,4.0,4.0,11.0,152.0,149.0,,0.0,0.0,1
76262,37.3,42072.0,130524.0,10061.0,4304.0,1829.0,961.0,555.0,42048.0,253.0,76262,1.0,0.023768777334093934,0
76264,51.6,1143.0,75149.0,227.0,54.0,115.0,23.0,9.0,1143.0,6.0,,0.0,0.0,1
76265,41.3,1696.0,75212.0,212.0,30.0,289.0,23.0,20.0,1696.0,40.0,,0.0,0.0,1
76266,41.1,18546.0,93327.0,2242.0,1172.0,1068.0,210.0,677.0,18546.0,103.0,76266,2.0,0.10783996549121104,0
76268,34.1,125.0,83125.0,703.0,259.0,965.0,9.0,263.0,125.0,149.0,,0.0,0.0,1
76270,51.7,2064.0,68705.0,184.0,31.0,252.0,102.0,51.0,2064.0,43.0,,0.0,0.0,1
76271,44.2,1961.0,77750.0,306.0,56.0,167.0,26.0,53.0,1961.0,16.0,,0.0,0.0,1
76272,47.8,5185.0,93800.0,684.0,150.0,332.0,226.0,169.0,5185.0,45.0,,0.0,0.0,1
76273,40.2,10553.0,81969.0,805.0,494.0,762.0,167.0,135.0,10459.0,210.0,76273,3.0,0.2842793518430778,0
76301,34.0,15610.0,36250.0,598.0,390.0,4704.0,519.0,743.0,15002.0,851.0,76301,25.0,1.6015374759769379,0
76302,37.6,11169.0,51159.0,1342.0,336.0,1481.0,160.0,126.0,10750.0,325.0,76302,9.0,0.8058017727639001,0
76305,46.7,4829.0,73729.0,612.0,149.0,491.0,106.0,175.0,4773.0,95.0,,0.0,0.0,1
76306,33.9,14391.0,47746.0,1234.0,451.0,3185.0,499.0,107.0,13971.0,454.0,76306,1.0,0.06948787436592314,0
76308,31.3,20493.0,70872.0,2594.0,1328.0,3145.0,297.0,305.0,20052.0,393.0,76308,14.0,0.6831601034499585,0
76309,37.2,14216.0,52250.0,1493.0,616.0,2286.0,289.0,314.0,13882.0,384.0,76309,6.0,0.4220596510973551,0
76310,37.8,19676.0,79264.0,2739.0,923.0,1492.0,249.0,321.0,19314.0,213.0,76310,5.0,0.2541166903842244,0
76311,20.2,7009.0,91048.0,269.0,283.0,68.0,76.0,34.0,1673.0,13.0,,0.0,0.0,1
76351,42.8,1687.0,51010.0,181.0,57.0,367.0,226.0,19.0,1642.0,42.0,76351,2.0,1.1855364552459988,0
76354,42.7,11794.0,64493.0,1152.0,652.0,1033.0,268.0,427.0,11566.0,292.0,76354,5.0,0.42394437849754113,0
76357,50.8,490.0,77083.0,52.0,12.0,19.0,4.0,8.0,490.0,6.0,,0.0,0.0,1
76360,43.0,2541.0,51500.0,275.0,51.0,464.0,56.0,17.0,2512.0,135.0,76360,2.0,0.7870916961826052,0
76363,49.3,247.0,34107.0,10.0,4.0,47.0,226.0,263.0,247.0,149.0,,0.0,0.0,1
76364,34.8,228.0,62083.0,31.0,26.0,41.0,8.0,3.0,228.0,3.0,,0.0,0.0,1
76365,45.5,4566.0,62397.0,612.0,239.0,416.0,17.0,155.0,4479.0,81.0,76365,2.0,0.43802014892685065,0
76366,37.3,1984.0,49706.0,201.0,100.0,385.0,72.0,38.0,1984.0,23.0,,0.0,0.0,1
76367,40.5,13984.0,68058.0,1042.0,614.0,605.0,84.0,121.0,9966.0,110.0,76367,2.0,0.14302059496567507,0
76370,55.4,478.0,83250.0,96.0,36.0,3.0,2.0,72.0,478.0,149.0,,0.0,0.0,1
76371,40.8,1628.0,57431.0,93.0,41.0,144.0,19.0,24.0,1576.0,18.0,76371,1.0,0.6142506142506142,0
76372,45.0,1005.0,69167.0,75.0,10.0,94.0,21.0,19.0,1005.0,29.0,,0.0,0.0,1
76373,52.8,155.0,77938.0,25.0,259.0,12.0,226.0,263.0,155.0,149.0,,0.0,0.0,1
76374,39.9,3629.0,41019.0,395.0,99.0,737.0,121.0,133.0,3563.0,127.0,76374,2.0,0.5511160099200882,0
76377,54.6,438.0,52857.0,33.0,12.0,51.0,226.0,11.0,438.0,7.0,,0.0,0.0,1
76379,30.3,596.0,80972.0,57.0,4.0,35.0,3.0,59.0,596.0,2.0,,0.0,0.0,1
76380,47.1,3526.0,53197.0,481.0,73.0,395.0,17.0,140.0,3447.0,46.0,76380,3.0,0.8508224617129893,0
76384,37.0,12279.0,50250.0,1039.0,169.0,2168.0,555.0,5.0,11836.0,252.0,76384,9.0,0.7329587099926703,0
76388,52.2,205.0,48125.0,23.0,4.0,29.0,4.0,4.0,205.0,2.0,,0.0,0.0,1
76389,44.7,1418.0,99375.0,136.0,12.0,92.0,12.0,110.0,1418.0,7.0,,0.0,0.0,1
76401,29.6,30703.0,56918.0,4201.0,1610.0,4817.0,1005.0,564.0,30275.0,557.0,76401,17.0,0.5536918216460932,0
76424,39.5,8656.0,44423.0,778.0,259.0,1414.0,355.0,166.0,8210.0,315.0,76424,3.0,0.3465804066543438,0
76426,40.5,11132.0,82346.0,1339.0,526.0,540.0,205.0,245.0,10488.0,4.0,76426,4.0,0.35932446999640677,0
76427,36.8,1030.0,70141.0,94.0,1.0,91.0,54.0,103.0,1030.0,14.0,,0.0,0.0,1
76429,68.5,129.0,2499.0,39.0,259.0,42.0,226.0,263.0,129.0,149.0,,0.0,0.0,1
76430,45.4,2260.0,60093.0,413.0,65.0,296.0,100.0,76.0,2224.0,69.0,76430,1.0,0.4424778761061947,0
76431,38.2,4543.0,70536.0,314.0,72.0,913.0,170.0,50.0,4543.0,50.0,,0.0,0.0,1
76432,52.1,1178.0,53333.0,68.0,38.0,191.0,15.0,263.0,1178.0,149.0,,0.0,0.0,1
76433,52.5,1945.0,108080.0,408.0,189.0,91.0,25.0,34.0,1945.0,7.0,,0.0,0.0,1
76435,52.2,541.0,59792.0,56.0,1.0,74.0,4.0,14.0,541.0,149.0,,0.0,0.0,1
76436,45.5,101.0,57125.0,23.0,259.0,13.0,5.0,263.0,101.0,149.0,,0.0,0.0,1
76437,40.4,5920.0,63272.0,751.0,303.0,393.0,195.0,206.0,5863.0,33.0,76437,2.0,0.33783783783783783,0
76442,42.2,7281.0,60321.0,523.0,259.0,1102.0,188.0,190.0,7149.0,127.0,76442,5.0,0.6867188572998214,0
76443,43.1,1828.0,49844.0,258.0,38.0,206.0,39.0,52.0,1815.0,31.0,,0.0,0.0,1
76444,44.9,3793.0,57583.0,420.0,104.0,414.0,121.0,263.0,3745.0,47.0,76444,1.0,0.2636435539151068,0
76446,39.5,8554.0,57321.0,801.0,269.0,1603.0,83.0,555.0,8499.0,138.0,76446,2.0,0.23380874444704233,0
76448,46.4,4969.0,63641.0,708.0,297.0,758.0,105.0,65.0,4869.0,107.0,76448,7.0,1.408734151740793,0
76449,57.2,2389.0,73824.0,316.0,119.0,319.0,74.0,28.0,2389.0,18.0,,0.0,0.0,1
76450,39.9,13003.0,71563.0,1440.0,506.0,1924.0,99.0,384.0,12800.0,229.0,76450,7.0,0.5383373067753595,0
76452,56.4,133.0,197593.0,17.0,259.0,26.0,226.0,263.0,133.0,4.0,,0.0,0.0,1
76453,58.8,1442.0,95536.0,195.0,205.0,107.0,25.0,3.0,1442.0,2.0,,0.0,0.0,1
76454,45.5,1668.0,41204.0,96.0,25.0,500.0,37.0,38.0,1644.0,41.0,76454,2.0,1.199040767386091,0
76455,47.5,698.0,54375.0,117.0,23.0,36.0,21.0,10.0,698.0,12.0,,0.0,0.0,1
76457,40.3,4023.0,59569.0,430.0,156.0,579.0,50.0,199.0,3975.0,60.0,76457,1.0,0.24857071836937608,0
76458,38.7,6049.0,56786.0,500.0,142.0,904.0,173.0,156.0,5020.0,281.0,76458,1.0,0.16531658125309967,0
76459,55.6,139.0,48750.0,703.0,259.0,965.0,226.0,18.0,139.0,13.0,,0.0,0.0,1
76460,47.2,472.0,85729.0,91.0,14.0,23.0,226.0,263.0,472.0,149.0,,0.0,0.0,1
76462,39.4,4669.0,94167.0,566.0,372.0,230.0,96.0,126.0,4667.0,27.0,,0.0,0.0,1
76463,47.8,500.0,61250.0,51.0,7.0,50.0,4.0,44.0,500.0,3.0,,0.0,0.0,1
76464,59.4,409.0,63750.0,109.0,32.0,33.0,17.0,4.0,409.0,5.0,,0.0,0.0,1
76466,24.9,621.0,128260.0,61.0,259.0,83.0,226.0,263.0,621.0,37.0,,0.0,0.0,1
76469,65.2,73.0,56750.0,4.0,259.0,24.0,7.0,263.0,73.0,149.0,,0.0,0.0,1
76470,38.0,3022.0,36646.0,140.0,74.0,600.0,32.0,25.0,2978.0,169.0,76470,1.0,0.3309066843150232,0
76471,51.3,1464.0,48529.0,143.0,109.0,312.0,18.0,35.0,1428.0,58.0,76471,1.0,0.6830601092896175,0
76472,44.9,1503.0,96360.0,375.0,83.0,30.0,50.0,165.0,1503.0,14.0,,0.0,0.0,1
76475,43.2,947.0,54688.0,116.0,41.0,186.0,3.0,15.0,947.0,13.0,,0.0,0.0,1
76476,37.9,3423.0,77130.0,247.0,74.0,355.0,47.0,56.0,3423.0,20.0,76476,1.0,0.29214139643587494,0
76481,50.1,205.0,75690.0,39.0,259.0,20.0,226.0,263.0,205.0,149.0,,0.0,0.0,1
76483,52.2,746.0,51827.0,90.0,24.0,71.0,19.0,33.0,746.0,15.0,76483,3.0,1.6989963870320643,0
76484,54.1,739.0,91731.0,64.0,41.0,15.0,226.0,263.0,661.0,149.0,,0.0,0.0,1
76486,36.6,1379.0,65625.0,126.0,28.0,93.0,43.0,263.0,1379.0,11.0,,0.0,0.0,1
76487,37.8,2707.0,75063.0,147.0,152.0,282.0,134.0,218.0,2707.0,149.0,,0.0,0.0,1
76491,30.9,625.0,64438.0,69.0,22.0,130.0,226.0,33.0,625.0,1.0,,0.0,0.0,1
76501,37.0,17200.0,50855.0,1562.0,432.0,4282.0,428.0,736.0,17169.0,801.0,76501,4.0,0.23255813953488375,0
76502,34.6,48508.0,77704.0,6780.0,2787.0,5389.0,1449.0,479.0,47733.0,974.0,76502,17.0,0.35045765646903604,0
76504,33.1,24276.0,44256.0,1906.0,834.0,4604.0,932.0,782.0,23338.0,924.0,76504,18.0,0.7414730598121602,0
76511,42.8,2390.0,54750.0,120.0,42.0,219.0,12.0,55.0,2313.0,13.0,76511,1.0,0.41841004184100417,0
76513,33.5,43738.0,76564.0,5601.0,2087.0,4966.0,798.0,953.0,42128.0,624.0,76513,2.0,0.0457268279299465,0
76518,41.3,1473.0,53125.0,92.0,12.0,289.0,18.0,8.0,1473.0,13.0,,0.0,0.0,1
76519,39.6,483.0,86181.0,100.0,259.0,12.0,226.0,18.0,483.0,30.0,,0.0,0.0,1
76520,37.6,7878.0,59340.0,760.0,227.0,1551.0,347.0,313.0,7554.0,198.0,76520,5.0,0.6346788525006347,0
76522,33.2,41087.0,65760.0,3831.0,1319.0,3621.0,1308.0,780.0,38764.0,752.0,76522,2.0,0.048677197166987124,0
76523,43.3,477.0,56089.0,703.0,259.0,63.0,226.0,263.0,477.0,149.0,,0.0,0.0,1
76524,45.5,4053.0,75435.0,251.0,239.0,1160.0,118.0,28.0,4053.0,15.0,,0.0,0.0,1
76525,46.3,1227.0,74063.0,157.0,66.0,93.0,33.0,27.0,1225.0,28.0,,0.0,0.0,1
76527,39.3,4141.0,71366.0,352.0,109.0,192.0,65.0,284.0,4141.0,26.0,,0.0,0.0,1
76528,39.3,19323.0,58862.0,1428.0,690.0,2263.0,401.0,326.0,16527.0,312.0,76528,4.0,0.20700719349997412,0
76530,45.7,2424.0,76953.0,227.0,41.0,245.0,85.0,33.0,2265.0,19.0,76530,1.0,0.41254125412541254,0
76531,45.1,4591.0,55857.0,581.0,139.0,721.0,55.0,61.0,4433.0,39.0,76531,4.0,0.8712698758440427,0
76534,46.4,2890.0,71103.0,348.0,126.0,228.0,8.0,53.0,2880.0,45.0,,0.0,0.0,1
76537,30.4,11501.0,88250.0,1124.0,341.0,988.0,309.0,669.0,11459.0,123.0,76537,1.0,0.08694896095991654,0
76538,51.7,1155.0,58654.0,179.0,43.0,276.0,226.0,3.0,1147.0,2.0,,0.0,0.0,1
76539,44.8,8713.0,82053.0,925.0,306.0,595.0,183.0,115.0,8580.0,23.0,,0.0,0.0,1
76541,32.1,18849.0,34732.0,1049.0,135.0,4164.0,1204.0,389.0,18007.0,1210.0,76541,3.0,0.15915963711602737,0
76542,31.4,52059.0,73133.0,6434.0,2447.0,6046.0,2469.0,794.0,48389.0,584.0,76542,2.0,0.03841794886571006,0
76543,29.5,33220.0,49021.0,2319.0,958.0,6721.0,1464.0,1015.0,30924.0,860.0,76543,4.0,0.12040939193257075,0
76544,21.7,26040.0,54561.0,1426.0,361.0,2112.0,550.0,45.0,10897.0,29.0,,0.0,0.0,1
76548,34.1,32608.0,71845.0,4353.0,1526.0,3880.0,702.0,498.0,30613.0,721.0,76548,5.0,0.15333660451422965,0
76549,28.8,55730.0,62607.0,5173.0,2041.0,8182.0,2299.0,1199.0,51929.0,586.0,76549,4.0,0.07177462766911898,0
76550,42.7,13574.0,71618.0,1314.0,513.0,1490.0,277.0,173.0,13302.0,287.0,76550,5.0,0.3683512597613084,0
76554,32.4,2509.0,72656.0,204.0,83.0,238.0,80.0,118.0,2506.0,32.0,,0.0,0.0,1
76556,35.8,2008.0,63438.0,120.0,76.0,149.0,53.0,22.0,2008.0,13.0,,0.0,0.0,1
76557,39.4,5389.0,70017.0,649.0,212.0,585.0,141.0,415.0,5389.0,47.0,76557,1.0,0.18556318426424195,0
76559,30.6,6443.0,65022.0,441.0,566.0,1175.0,54.0,122.0,6294.0,188.0,,0.0,0.0,1
76561,42.8,1207.0,69250.0,112.0,59.0,50.0,11.0,34.0,1204.0,12.0,,0.0,0.0,1
76566,35.7,344.0,142500.0,60.0,5.0,13.0,22.0,24.0,344.0,149.0,,0.0,0.0,1
76567,46.5,8244.0,48472.0,587.0,272.0,986.0,194.0,229.0,8048.0,99.0,76567,3.0,0.363901018922853,0
76569,40.1,3304.0,78798.0,258.0,122.0,369.0,42.0,147.0,3304.0,9.0,,0.0,0.0,1
76570,43.4,2243.0,38632.0,148.0,101.0,376.0,226.0,63.0,2189.0,29.0,76570,1.0,0.44583147570218457,0
76571,45.9,9648.0,94517.0,1832.0,632.0,733.0,185.0,297.0,9520.0,38.0,,0.0,0.0,1
76574,41.4,19629.0,68360.0,1781.0,748.0,2100.0,470.0,237.0,19390.0,284.0,76574,7.0,0.35661521218605124,0
76577,37.8,3196.0,68141.0,444.0,91.0,341.0,45.0,167.0,3196.0,65.0,,0.0,0.0,1
76578,41.7,1232.0,92188.0,136.0,23.0,53.0,30.0,3.0,1202.0,3.0,,0.0,0.0,1
76579,33.7,5129.0,69471.0,601.0,171.0,491.0,80.0,79.0,5129.0,197.0,,0.0,0.0,1
76621,35.0,1002.0,94375.0,153.0,55.0,12.0,4.0,13.0,1002.0,5.0,,0.0,0.0,1
76622,36.7,1558.0,73438.0,128.0,35.0,93.0,16.0,79.0,1558.0,1.0,,0.0,0.0,1
76623,41.3,197.0,62917.0,2.0,259.0,28.0,226.0,24.0,197.0,5.0,,0.0,0.0,1
76624,49.0,2587.0,67708.0,124.0,43.0,190.0,261.0,263.0,2571.0,13.0,,0.0,0.0,1
76626,39.0,1363.0,94688.0,109.0,21.0,84.0,45.0,42.0,1363.0,26.0,,0.0,0.0,1
76627,46.1,1389.0,70250.0,80.0,20.0,213.0,31.0,32.0,1389.0,23.0,,0.0,0.0,1
76628,23.3,91.0,117857.0,5.0,259.0,965.0,4.0,13.0,91.0,149.0,,0.0,0.0,1
76629,48.5,1916.0,63333.0,119.0,39.0,258.0,43.0,263.0,1871.0,67.0,76629,1.0,0.521920668058455,0
76630,50.0,1953.0,79000.0,122.0,96.0,229.0,64.0,191.0,1953.0,17.0,,0.0,0.0,1
76631,37.3,540.0,83438.0,39.0,22.0,82.0,21.0,46.0,540.0,149.0,,0.0,0.0,1
76632,40.8,1901.0,41875.0,140.0,25.0,424.0,160.0,12.0,1901.0,26.0,,0.0,0.0,1
76633,41.4,6348.0,106700.0,664.0,423.0,224.0,42.0,61.0,6343.0,19.0,,0.0,0.0,1
76634,49.7,7316.0,68440.0,1007.0,246.0,1048.0,108.0,32.0,7068.0,89.0,76634,5.0,0.6834335702569709,0
76635,28.3,1397.0,55393.0,105.0,85.0,152.0,10.0,19.0,1397.0,23.0,,0.0,0.0,1
76636,39.6,1638.0,66917.0,139.0,26.0,108.0,24.0,126.0,1638.0,18.0,,0.0,0.0,1
76637,47.3,466.0,71250.0,54.0,15.0,66.0,226.0,7.0,466.0,4.0,,0.0,0.0,1
76638,40.1,3106.0,117708.0,433.0,216.0,155.0,43.0,290.0,3106.0,14.0,,0.0,0.0,1
76639,41.3,1823.0,39907.0,125.0,34.0,230.0,39.0,57.0,1823.0,77.0,,0.0,0.0,1
76640,34.5,2953.0,52074.0,319.0,15.0,637.0,31.0,263.0,2953.0,22.0,,0.0,0.0,1
76641,43.9,1714.0,64231.0,85.0,53.0,377.0,24.0,88.0,1714.0,12.0,,0.0,0.0,1
76642,44.2,6216.0,57622.0,665.0,148.0,966.0,24.0,159.0,5832.0,76.0,76642,3.0,0.48262548262548266,0
76643,36.3,16034.0,75898.0,2355.0,941.0,1153.0,388.0,296.0,15936.0,96.0,76643,3.0,0.18710240738430833,0
76645,37.7,10970.0,57500.0,866.0,370.0,1413.0,294.0,400.0,10602.0,463.0,76645,4.0,0.3646308113035552,0
76648,44.6,2751.0,49833.0,247.0,86.0,665.0,85.0,12.0,2725.0,75.0,76648,1.0,0.3635041802980734,0
76649,53.9,700.0,67500.0,69.0,1.0,53.0,10.0,7.0,700.0,2.0,,0.0,0.0,1
76650,35.8,96.0,79167.0,703.0,259.0,965.0,226.0,4.0,96.0,149.0,,0.0,0.0,1
76651,39.0,3902.0,63173.0,258.0,140.0,371.0,50.0,194.0,3892.0,77.0,76651,1.0,0.25627883136852897,0
76652,54.9,955.0,65278.0,62.0,13.0,90.0,34.0,26.0,955.0,18.0,,0.0,0.0,1
76653,49.2,1426.0,56875.0,57.0,14.0,252.0,28.0,263.0,1426.0,12.0,,0.0,0.0,1
76654,38.6,173.0,65417.0,29.0,6.0,27.0,226.0,263.0,173.0,2.0,,0.0,0.0,1
76655,40.3,8591.0,110248.0,1635.0,401.0,455.0,81.0,140.0,8584.0,120.0,,0.0,0.0,1
76656,42.3,2560.0,71691.0,215.0,87.0,99.0,20.0,18.0,2560.0,33.0,,0.0,0.0,1
76657,37.7,12160.0,92935.0,1835.0,510.0,894.0,183.0,206.0,12026.0,151.0,76657,2.0,0.1644736842105263,0
76660,30.3,664.0,47188.0,61.0,3.0,164.0,226.0,49.0,664.0,14.0,,0.0,0.0,1
76661,36.4,7118.0,31888.0,242.0,84.0,1131.0,296.0,650.0,5368.0,354.0,76661,5.0,0.7024445068839561,0
76664,37.2,3698.0,63621.0,252.0,25.0,612.0,93.0,93.0,3423.0,76.0,76664,1.0,0.2704164413196323,0
76665,47.4,2596.0,56130.0,185.0,88.0,306.0,6.0,112.0,2525.0,64.0,76665,1.0,0.3852080123266564,0
76666,31.4,186.0,41042.0,3.0,11.0,24.0,226.0,4.0,186.0,149.0,,0.0,0.0,1
76667,38.6,10275.0,46130.0,670.0,242.0,2942.0,166.0,332.0,9935.0,176.0,76667,8.0,0.7785888077858881,0
76670,39.7,1934.0,57206.0,33.0,41.0,271.0,95.0,106.0,1934.0,49.0,,0.0,0.0,1
76671,53.9,2011.0,68750.0,157.0,62.0,155.0,78.0,46.0,1988.0,28.0,,0.0,0.0,1
76673,41.8,1162.0,53482.0,88.0,19.0,138.0,32.0,2.0,1162.0,3.0,,0.0,0.0,1
76676,40.4,317.0,63125.0,57.0,9.0,14.0,3.0,263.0,317.0,8.0,,0.0,0.0,1
76678,62.1,112.0,45682.0,10.0,3.0,965.0,226.0,263.0,112.0,149.0,,0.0,0.0,1
76679,45.1,1161.0,77702.0,171.0,14.0,106.0,19.0,263.0,1161.0,14.0,,0.0,0.0,1
76681,49.9,419.0,31705.0,37.0,2.0,38.0,2.0,2.0,419.0,9.0,,0.0,0.0,1
76682,35.7,3276.0,73654.0,321.0,74.0,354.0,14.0,107.0,3276.0,19.0,,0.0,0.0,1
76686,53.3,230.0,63750.0,46.0,5.0,52.0,226.0,263.0,230.0,149.0,,0.0,0.0,1
76687,61.7,1741.0,67720.0,239.0,79.0,149.0,29.0,9.0,1741.0,56.0,,0.0,0.0,1
76689,37.4,4308.0,63889.0,298.0,104.0,291.0,98.0,81.0,4286.0,32.0,76689,1.0,0.23212627669452182,0
76690,32.8,1285.0,41667.0,81.0,14.0,192.0,28.0,165.0,1285.0,6.0,,0.0,0.0,1
76691,42.2,6315.0,75163.0,580.0,234.0,564.0,96.0,142.0,6139.0,66.0,76691,3.0,0.4750593824228028,0
76692,51.7,9673.0,57891.0,929.0,386.0,1345.0,145.0,85.0,9510.0,117.0,76692,5.0,0.5169027189083014,0
76693,40.6,2320.0,54074.0,270.0,68.0,258.0,226.0,21.0,2300.0,38.0,76693,1.0,0.43103448275862066,0
76701,31.3,1861.0,29714.0,206.0,140.0,716.0,27.0,71.0,1651.0,83.0,,0.0,0.0,1
76704,29.1,7450.0,19966.0,119.0,85.0,3890.0,186.0,123.0,7301.0,592.0,76704,1.0,0.1342281879194631,0
76705,34.4,31985.0,51546.0,2090.0,946.0,6267.0,659.0,1252.0,30479.0,507.0,76705,2.0,0.06252931061435048,0
76706,23.4,40770.0,39317.0,2707.0,1155.0,12985.0,923.0,843.0,40682.0,900.0,76706,1.0,0.02452783909737552,0
76707,29.8,16516.0,33964.0,898.0,279.0,5613.0,548.0,454.0,16401.0,659.0,76707,1.0,0.06054734802615645,0
76708,34.8,26917.0,64618.0,2609.0,1038.0,4154.0,729.0,318.0,26613.0,538.0,76708,7.0,0.26005869896348033,0
76710,40.1,23008.0,49762.0,2934.0,1426.0,2858.0,511.0,294.0,22794.0,565.0,76710,22.0,0.9561891515994437,0
76711,33.9,9474.0,51526.0,418.0,533.0,692.0,222.0,274.0,9322.0,156.0,76711,1.0,0.10555203715431707,0
76712,38.1,28758.0,91862.0,5238.0,2741.0,903.0,273.0,596.0,28115.0,324.0,76712,22.0,0.7650045204812573,0
76801,38.5,25048.0,51603.0,2213.0,646.0,3554.0,432.0,652.0,24053.0,766.0,76801,17.0,0.6786969019482594,0
76802,41.5,5667.0,65750.0,885.0,111.0,418.0,108.0,229.0,5559.0,45.0,76802,2.0,0.3529204164460914,0
76821,42.2,4436.0,60924.0,379.0,218.0,426.0,95.0,185.0,4267.0,29.0,76821,4.0,0.9017132551848511,0
76823,48.6,2741.0,54594.0,337.0,100.0,235.0,44.0,39.0,2698.0,24.0,76823,1.0,0.36483035388544327,0
76825,41.6,6415.0,52143.0,648.0,187.0,743.0,281.0,211.0,6288.0,149.0,76825,4.0,0.6235385814497272,0
76828,64.6,236.0,49688.0,45.0,4.0,68.0,226.0,263.0,236.0,149.0,,0.0,0.0,1
76832,40.7,572.0,44886.0,40.0,12.0,99.0,9.0,16.0,541.0,8.0,,0.0,0.0,1
76834,48.0,4992.0,50565.0,536.0,125.0,877.0,187.0,343.0,4954.0,164.0,76834,4.0,0.8012820512820512,0
76837,38.7,1964.0,49250.0,81.0,36.0,213.0,6.0,22.0,1146.0,26.0,76837,2.0,1.0183299389002036,0
76842,69.7,179.0,52625.0,34.0,16.0,25.0,226.0,263.0,179.0,149.0,,0.0,0.0,1
76844,48.8,3307.0,61989.0,441.0,182.0,128.0,42.0,41.0,3145.0,10.0,76844,3.0,0.9071666162685212,0
76845,49.4,231.0,72500.0,55.0,14.0,37.0,2.0,10.0,231.0,149.0,,0.0,0.0,1
76849,44.6,3733.0,58413.0,489.0,195.0,492.0,16.0,157.0,3698.0,72.0,76849,2.0,0.5357621216180016,0
76852,53.5,286.0,78333.0,29.0,24.0,15.0,226.0,6.0,286.0,1.0,,0.0,0.0,1
76853,49.4,1639.0,56420.0,230.0,74.0,201.0,49.0,93.0,1625.0,22.0,,0.0,0.0,1
76856,43.5,3506.0,80210.0,651.0,202.0,133.0,47.0,91.0,3497.0,51.0,76856,1.0,0.2852253280091272,0
76857,45.7,1989.0,46047.0,214.0,55.0,136.0,52.0,12.0,1989.0,11.0,,0.0,0.0,1
76858,55.9,226.0,50500.0,29.0,14.0,37.0,13.0,18.0,226.0,4.0,,0.0,0.0,1
76859,60.2,1728.0,39730.0,249.0,78.0,331.0,47.0,38.0,1681.0,37.0,76859,1.0,0.5787037037037037,0
76861,36.6,2048.0,68750.0,228.0,53.0,217.0,26.0,39.0,2039.0,9.0,,0.0,0.0,1
76862,64.7,167.0,56250.0,19.0,8.0,15.0,5.0,263.0,167.0,149.0,,0.0,0.0,1
76864,56.6,800.0,43464.0,88.0,31.0,138.0,7.0,263.0,800.0,16.0,,0.0,0.0,1
76865,52.9,200.0,54792.0,10.0,259.0,9.0,226.0,263.0,200.0,18.0,,0.0,0.0,1
76866,53.9,946.0,62885.0,84.0,12.0,145.0,226.0,22.0,946.0,9.0,,0.0,0.0,1
76871,50.3,561.0,59375.0,74.0,21.0,45.0,226.0,128.0,561.0,4.0,,0.0,0.0,1
76872,48.6,798.0,55000.0,40.0,68.0,211.0,20.0,263.0,798.0,149.0,,0.0,0.0,1
76875,54.8,484.0,54429.0,42.0,17.0,39.0,226.0,9.0,484.0,12.0,,0.0,0.0,1
76877,40.7,4509.0,54406.0,424.0,150.0,591.0,82.0,88.0,3944.0,29.0,76877,2.0,0.44355732978487467,0
76878,41.0,1717.0,49250.0,164.0,39.0,245.0,26.0,67.0,1717.0,49.0,,0.0,0.0,1
76882,37.8,194.0,56000.0,12.0,4.0,10.0,226.0,263.0,194.0,149.0,,0.0,0.0,1
76884,49.8,75.0,73750.0,703.0,2.0,965.0,226.0,263.0,75.0,149.0,,0.0,0.0,1
76887,60.6,68.0,88854.0,703.0,24.0,965.0,226.0,263.0,68.0,149.0,,0.0,0.0,1
76888,60.5,127.0,57566.0,27.0,8.0,36.0,226.0,263.0,127.0,149.0,,0.0,0.0,1
76890,51.8,902.0,56008.0,57.0,26.0,79.0,25.0,14.0,902.0,10.0,,0.0,0.0,1
76901,35.5,31415.0,62879.0,3141.0,1349.0,4494.0,705.0,983.0,31043.0,512.0,76901,9.0,0.28648734680884924,0
76903,38.9,30955.0,50077.0,2187.0,668.0,4259.0,392.0,1182.0,29610.0,929.0,76903,15.0,0.48457438216766274,0
76904,34.6,37090.0,81684.0,5321.0,2252.0,2399.0,487.0,658.0,36426.0,648.0,76904,27.0,0.7279590186033972,0
76905,31.8,13424.0,77614.0,1322.0,356.0,1764.0,216.0,730.0,13049.0,48.0,76905,2.0,0.14898688915375446,0
76930,56.5,87.0,52857.0,703.0,259.0,965.0,226.0,263.0,87.0,4.0,,0.0,0.0,1
76932,33.0,3308.0,70319.0,144.0,89.0,236.0,149.0,141.0,3284.0,8.0,76932,2.0,0.6045949214026601,0
76933,44.9,1238.0,53935.0,87.0,19.0,79.0,5.0,3.0,1149.0,9.0,76933,1.0,0.8077544426494346,0
76934,31.9,1068.0,51083.0,66.0,60.0,269.0,2.0,263.0,923.0,149.0,76934,1.0,0.9363295880149812,0
76936,39.4,2474.0,53774.0,163.0,42.0,357.0,76.0,178.0,2436.0,37.0,76936,2.0,0.8084074373484236,0
76941,43.2,1237.0,53315.0,169.0,13.0,116.0,9.0,16.0,1228.0,149.0,,0.0,0.0,1
76943,52.7,2841.0,64457.0,220.0,73.0,269.0,31.0,13.0,2780.0,149.0,76943,1.0,0.3519887363604365,0
76945,44.6,1825.0,37697.0,194.0,96.0,362.0,28.0,40.0,1815.0,41.0,76945,1.0,0.547945205479452,0
76950,31.6,3386.0,56889.0,176.0,142.0,560.0,71.0,108.0,3367.0,27.0,76950,1.0,0.29533372711163614,0
76951,32.1,1392.0,63558.0,120.0,36.0,24.0,226.0,163.0,1356.0,149.0,76951,1.0,0.7183908045977011,0
76955,31.6,241.0,78036.0,18.0,259.0,12.0,12.0,43.0,241.0,7.0,,0.0,0.0,1
77002,35.3,18800.0,78292.0,3103.0,1261.0,1603.0,259.0,25.0,8889.0,1106.0,77002,9.0,0.4787234042553191,0
77003,33.9,10169.0,87618.0,2202.0,1151.0,2164.0,471.0,38.0,10150.0,645.0,77003,4.0,0.3933523453633592,0
77004,33.3,35506.0,68141.0,7132.0,3534.0,8614.0,1697.0,805.0,35471.0,2083.0,77004,32.0,0.9012561257252295,0
77005,36.8,28470.0,213059.0,6013.0,4024.0,1077.0,572.0,178.0,28430.0,496.0,77005,1.0,0.035124692658939236,0
77006,33.5,24006.0,104375.0,7304.0,4321.0,2072.0,755.0,32.0,23961.0,980.0,77006,9.0,0.37490627343164207,0
77007,33.3,42881.0,140536.0,15061.0,8232.0,2479.0,813.0,196.0,42869.0,516.0,77007,4.0,0.09328140668361279,0
77008,34.9,38496.0,140609.0,12241.0,5739.0,2448.0,882.0,400.0,38373.0,866.0,77008,15.0,0.38965087281795513,0
77009,38.0,36872.0,77817.0,5832.0,2626.0,4279.0,687.0,1070.0,36842.0,1443.0,77009,2.0,0.05424170101974398,0
77010,54.3,837.0,221776.0,280.0,98.0,965.0,226.0,11.0,837.0,49.0,,0.0,0.0,1
77011,36.6,16685.0,44412.0,819.0,122.0,3772.0,680.0,783.0,16685.0,795.0,77011,2.0,0.1198681450404555,0
77012,33.2,17950.0,45784.0,821.0,205.0,4002.0,292.0,1287.0,17950.0,640.0,,0.0,0.0,1
77013,34.2,18512.0,43492.0,942.0,197.0,4755.0,842.0,1280.0,17505.0,528.0,77013,1.0,0.054019014693171996,0
77014,30.9,37573.0,54303.0,3266.0,866.0,9324.0,1626.0,2066.0,37464.0,1338.0,77014,11.0,0.2927634205413462,0
77015,29.6,59314.0,55171.0,3052.0,578.0,10920.0,1946.0,3039.0,59279.0,897.0,77015,9.0,0.15173483494621845,0
77016,37.1,29376.0,42186.0,1387.0,547.0,6488.0,1485.0,1124.0,29376.0,947.0,77016,2.0,0.06808278867102398,0
77017,31.3,32574.0,53236.0,1483.0,441.0,7967.0,1252.0,2624.0,32560.0,769.0,77017,10.0,0.30699330754589554,0
77018,37.0,28892.0,111524.0,6526.0,3422.0,2356.0,662.0,232.0,28818.0,639.0,77018,12.0,0.41533988647376435,0
77019,35.6,22839.0,118172.0,6937.0,4120.0,2347.0,783.0,46.0,22782.0,590.0,77019,3.0,0.13135426244581636,0
77020,35.7,25715.0,46606.0,1696.0,277.0,7150.0,1056.0,1606.0,25708.0,1257.0,77020,3.0,0.116663426015944,0
77021,34.6,25500.0,46508.0,3046.0,1541.0,7082.0,1452.0,669.0,25257.0,2125.0,77021,4.0,0.1568627450980392,0
77022,35.4,26903.0,46525.0,1684.0,521.0,7214.0,1352.0,1596.0,26885.0,1386.0,77022,3.0,0.11151172731665614,0
77023,35.7,25680.0,47697.0,2376.0,1214.0,4944.0,951.0,766.0,25664.0,1467.0,77023,1.0,0.038940809968847356,0
77024,43.2,37269.0,132710.0,11178.0,5108.0,2266.0,702.0,388.0,37176.0,865.0,77024,21.0,0.5634709812444659,0
77025,37.8,29295.0,84274.0,6539.0,4267.0,3232.0,665.0,304.0,29082.0,1701.0,77025,10.0,0.3413551800648575,0
77026,38.6,20732.0,33452.0,968.0,215.0,6632.0,1020.0,831.0,20715.0,1464.0,77026,1.0,0.04823461315840247,0
77027,34.4,19478.0,103627.0,6450.0,3510.0,1562.0,234.0,147.0,19478.0,251.0,77027,22.0,1.1294794126707055,0
77028,31.6,18669.0,33403.0,590.0,207.0,6193.0,822.0,1122.0,18669.0,761.0,77028,2.0,0.10712946595961219,0
77029,38.8,16008.0,49443.0,667.0,126.0,2968.0,705.0,542.0,15917.0,391.0,77029,7.0,0.43728135932033985,0
77030,33.0,12546.0,90475.0,2960.0,1456.0,1098.0,296.0,19.0,12360.0,597.0,77030,18.0,1.4347202295552368,0
77031,35.2,17351.0,44412.0,1288.0,637.0,4235.0,550.0,1143.0,17304.0,440.0,77031,15.0,0.8645034868307302,0
77032,28.2,13743.0,38834.0,710.0,130.0,4298.0,330.0,482.0,13666.0,634.0,77032,2.0,0.14552863275849523,0
77033,33.0,28255.0,39118.0,984.0,300.0,9323.0,1723.0,1235.0,28251.0,842.0,77033,3.0,0.10617589807113785,0
77034,33.1,37273.0,56772.0,2334.0,410.0,7816.0,1281.0,2377.0,37262.0,771.0,77034,12.0,0.32194886378880155,0
77035,35.2,34254.0,52205.0,3864.0,1815.0,7287.0,1499.0,1217.0,34132.0,1972.0,77035,8.0,0.23354936649734337,0
77036,30.8,72278.0,41899.0,4821.0,1118.0,19665.0,2239.0,4129.0,71934.0,5177.0,77036,178.0,1.6989963870320643,0
77037,33.5,17585.0,47381.0,407.0,191.0,5738.0,244.0,1057.0,17585.0,148.0,,0.0,0.0,1
77038,29.7,32142.0,47682.0,1183.0,721.0,7475.0,465.0,3291.0,32142.0,604.0,77038,2.0,0.06222388152572957,0
77039,31.6,27907.0,41988.0,703.0,123.0,7668.0,532.0,1829.0,27897.0,585.0,77039,2.0,0.07166660694449421,0
77040,33.9,49762.0,62685.0,6099.0,1709.0,9343.0,1602.0,1440.0,49607.0,1022.0,77040,12.0,0.24114786383183956,0
77041,40.2,31912.0,84928.0,5739.0,1856.0,2638.0,1055.0,1208.0,31900.0,97.0,77041,6.0,0.18801704687891702,0
77042,33.5,40747.0,51723.0,8135.0,3375.0,7922.0,2332.0,1351.0,40659.0,1670.0,77042,20.0,0.4908336810071907,0
77043,35.5,25900.0,74320.0,4861.0,1806.0,3815.0,606.0,857.0,25791.0,433.0,77043,8.0,0.3088803088803089,0
77044,33.1,54313.0,87958.0,6889.0,2567.0,6657.0,1985.0,2469.0,54311.0,437.0,77044,1.0,0.018411798280338038,0
77045,34.1,32478.0,58373.0,2033.0,1003.0,6855.0,1924.0,1399.0,32415.0,627.0,77045,12.0,0.36948087936449286,0
77046,62.7,1254.0,145567.0,371.0,253.0,82.0,226.0,263.0,1254.0,78.0,77046,1.0,0.7974481658692185,0
77047,33.8,33569.0,70666.0,4221.0,2131.0,3003.0,1926.0,864.0,33550.0,540.0,77047,5.0,0.14894694509815604,0
77048,33.4,19741.0,45714.0,1655.0,642.0,5617.0,1263.0,429.0,19733.0,805.0,77048,3.0,0.1519679854110734,0
77049,27.8,41035.0,70736.0,2143.0,583.0,6441.0,1552.0,1716.0,40961.0,455.0,77049,3.0,0.07310832216400634,0
77050,30.6,5949.0,30750.0,95.0,34.0,3001.0,169.0,933.0,5949.0,56.0,,0.0,0.0,1
77051,30.9,16974.0,38694.0,1092.0,153.0,6444.0,1209.0,986.0,16964.0,1071.0,77051,3.0,0.17674089784376104,0
77053,33.8,30175.0,61750.0,1376.0,563.0,5623.0,1245.0,970.0,30175.0,289.0,77053,1.0,0.033140016570008285,0
77054,31.4,26708.0,56447.0,5871.0,3958.0,5757.0,940.0,428.0,26541.0,1997.0,77054,47.0,1.6989963870320643,0
77055,35.0,43362.0,69743.0,6858.0,2629.0,9254.0,1325.0,1616.0,42996.0,1335.0,77055,19.0,0.4381716710483834,0
77056,40.8,21941.0,97097.0,7347.0,4190.0,1779.0,587.0,224.0,21824.0,647.0,77056,10.0,0.4557677407593091,0
77057,33.9,45023.0,68955.0,10177.0,4646.0,8076.0,1293.0,1353.0,44917.0,2425.0,77057,39.0,0.8662239299913378,0
77058,38.1,17956.0,63267.0,3398.0,1695.0,2101.0,454.0,474.0,17906.0,725.0,77058,20.0,1.1138338159946537,0
77059,44.5,18370.0,158958.0,4524.0,2505.0,898.0,537.0,416.0,18370.0,46.0,,0.0,0.0,1
77060,27.4,46266.0,37041.0,1120.0,251.0,15912.0,1261.0,4328.0,46256.0,2001.0,77060,21.0,0.45389703021657374,0
77061,33.4,25169.0,42039.0,1681.0,441.0,4645.0,691.0,1396.0,25129.0,1204.0,77061,2.0,0.07946283126067782,0
77062,41.0,24561.0,103477.0,5353.0,2558.0,2419.0,695.0,483.0,24527.0,249.0,77062,1.0,0.04071495460282561,0
77063,34.7,39554.0,51899.0,9338.0,3685.0,7274.0,2481.0,602.0,39317.0,2843.0,77063,43.0,1.0871214036507055,0
77064,32.9,49240.0,82500.0,6644.0,1547.0,5879.0,1764.0,1809.0,48916.0,490.0,77064,6.0,0.12185215272136474,0
77065,36.9,38994.0,72816.0,5043.0,1984.0,3122.0,1766.0,1063.0,38984.0,650.0,77065,17.0,0.43596450736010667,0
77066,33.3,39234.0,76716.0,3993.0,1225.0,6248.0,1317.0,1983.0,39189.0,232.0,77066,2.0,0.0509761941173472,0
77067,30.9,32405.0,49682.0,1336.0,732.0,7611.0,470.0,2046.0,32370.0,749.0,77067,5.0,0.15429717636167256,0
77068,35.2,11451.0,83990.0,2029.0,498.0,995.0,456.0,355.0,11450.0,167.0,77068,8.0,0.6986289407038686,0
77069,34.4,20633.0,72744.0,4316.0,1497.0,3881.0,905.0,334.0,20616.0,201.0,77069,10.0,0.48466049532302624,0
77070,34.3,58409.0,73579.0,9767.0,3808.0,7660.0,2299.0,2187.0,58153.0,982.0,77070,19.0,0.32529233508534644,0
77071,39.2,26990.0,56559.0,3584.0,1397.0,3973.0,1217.0,878.0,26950.0,1214.0,77071,24.0,0.889218228973694,0
77072,34.4,61688.0,50886.0,4407.0,1124.0,13227.0,1716.0,2897.0,61547.0,1700.0,77072,20.0,0.3242121644404098,0
77073,31.8,41866.0,69784.0,2440.0,593.0,5662.0,749.0,1868.0,41848.0,393.0,77073,2.0,0.04777146132900205,0
77074,31.9,38624.0,48196.0,3648.0,976.0,9418.0,907.0,1950.0,38214.0,1760.0,77074,115.0,1.6989963870320643,0
77075,31.6,41271.0,71609.0,2764.0,562.0,5011.0,1682.0,2887.0,41258.0,557.0,77075,4.0,0.09692035569770541,0
77076,29.4,33529.0,37927.0,636.0,191.0,9979.0,580.0,2017.0,33409.0,1112.0,77076,2.0,0.05964985534910078,0
77077,35.4,62933.0,69782.0,15201.0,8468.0,6904.0,2435.0,939.0,62637.0,2243.0,77077,32.0,0.5084772694770628,0
77078,32.7,14241.0,40873.0,715.0,193.0,4218.0,829.0,1036.0,14241.0,606.0,77078,2.0,0.14043957587248088,0
77079,35.3,35097.0,99164.0,9369.0,4445.0,3440.0,711.0,640.0,35097.0,398.0,77079,26.0,0.7408040573268371,0
77080,32.0,47661.0,61659.0,5282.0,1733.0,11042.0,1070.0,3516.0,47495.0,1002.0,77080,5.0,0.10490757642516943,0
77081,28.4,52360.0,40805.0,3614.0,1557.0,16979.0,1252.0,2626.0,52270.0,3361.0,77081,18.0,0.3437738731856379,0
77082,35.8,53401.0,55962.0,8114.0,3229.0,11164.0,2077.0,2056.0,52875.0,2066.0,77082,24.0,0.4494297859590644,0
77083,35.4,75004.0,61979.0,7925.0,2863.0,11274.0,3282.0,3160.0,74922.0,1448.0,77083,28.0,0.3733134232840915,0
77084,33.2,108557.0,75510.0,14495.0,4346.0,11807.0,3901.0,4022.0,108436.0,1307.0,77084,32.0,0.2947760162863749,0
77085,38.2,16550.0,65715.0,1237.0,313.0,2012.0,325.0,812.0,16536.0,201.0,77085,1.0,0.060422960725075525,0
77086,32.4,29705.0,56200.0,1458.0,417.0,4726.0,1250.0,1412.0,29705.0,634.0,77086,2.0,0.06732873253661,0
77087,34.1,35960.0,50918.0,1727.0,529.0,8349.0,1307.0,2614.0,35653.0,854.0,77087,8.0,0.2224694104560623,0
77088,34.1,54007.0,48627.0,3098.0,1013.0,10268.0,2439.0,2479.0,53995.0,1738.0,77088,3.0,0.05554835484289074,0
77089,35.2,56988.0,83648.0,6621.0,1750.0,6242.0,1836.0,1608.0,56859.0,553.0,77089,7.0,0.1228328770969327,0
77090,30.0,40764.0,49438.0,4547.0,1328.0,7063.0,1486.0,790.0,40479.0,1637.0,77090,22.0,0.5396918849965656,0
77091,33.0,30357.0,34988.0,2483.0,603.0,9742.0,1092.0,1618.0,30238.0,1670.0,77091,9.0,0.2964719833975689,0
77092,33.8,36320.0,54494.0,4216.0,1657.0,7532.0,1217.0,2229.0,36302.0,1190.0,77092,21.0,0.5781938325991189,0
77093,31.1,48215.0,37583.0,1245.0,193.0,17319.0,1010.0,3023.0,48196.0,1065.0,77093,4.0,0.08296173390023852,0
77094,45.6,10623.0,179387.0,3538.0,1071.0,780.0,273.0,237.0,10623.0,70.0,77094,3.0,0.2824060999717594,0
77095,38.9,69644.0,90690.0,13696.0,4452.0,3555.0,2350.0,691.0,69552.0,351.0,77095,26.0,0.3733272069381426,0
77096,36.0,33001.0,79483.0,6902.0,2899.0,4731.0,652.0,722.0,32992.0,919.0,77096,25.0,0.7575528014302597,0
77098,35.9,15553.0,108799.0,4021.0,2805.0,1013.0,336.0,217.0,15536.0,415.0,77098,8.0,0.5143702179643799,0
77099,33.6,49541.0,45691.0,3980.0,983.0,12898.0,2497.0,3844.0,49483.0,1715.0,77099,30.0,0.605559031912961,0
77301,31.8,34299.0,59452.0,2960.0,960.0,5991.0,567.0,1535.0,33230.0,725.0,77301,9.0,0.2623983206507478,0
77302,37.4,19076.0,85590.0,1868.0,499.0,2508.0,180.0,889.0,19042.0,233.0,,0.0,0.0,1
77303,33.3,24106.0,75448.0,1131.0,647.0,3421.0,772.0,1015.0,24100.0,116.0,77303,1.0,0.04148344810420642,0
77304,34.7,40317.0,74182.0,6737.0,2799.0,3046.0,534.0,744.0,40068.0,853.0,77304,25.0,0.620085819877471,0
77306,32.5,16443.0,65423.0,715.0,220.0,2305.0,137.0,530.0,16438.0,13.0,,0.0,0.0,1
77316,42.0,30577.0,120846.0,6638.0,1540.0,2479.0,758.0,349.0,30577.0,161.0,77316,1.0,0.0327043202407038,0
77318,44.3,19127.0,88162.0,2487.0,798.0,1346.0,431.0,156.0,19126.0,142.0,77318,1.0,0.05228211428870183,0
77320,38.7,38170.0,50343.0,2925.0,836.0,4384.0,910.0,622.0,27681.0,472.0,77320,2.0,0.052397170552790154,0
77327,29.7,33673.0,54022.0,1468.0,692.0,7170.0,794.0,3193.0,33015.0,632.0,77327,11.0,0.3266712202654946,0
77328,37.3,17860.0,55747.0,792.0,270.0,3691.0,483.0,982.0,17860.0,109.0,77328,1.0,0.055991041433370664,0
77331,51.2,7465.0,50123.0,630.0,329.0,1129.0,272.0,108.0,7347.0,138.0,,0.0,0.0,1
77335,40.7,3157.0,52355.0,135.0,48.0,507.0,212.0,237.0,3157.0,19.0,,0.0,0.0,1
77336,39.1,11835.0,82105.0,1205.0,466.0,1851.0,481.0,283.0,11835.0,103.0,77336,1.0,0.08449514152936206,0
77338,31.9,47997.0,68239.0,4071.0,1244.0,7582.0,1270.0,1804.0,47697.0,819.0,77338,21.0,0.43752734545909117,0
77339,39.3,43810.0,81274.0,7376.0,3477.0,4580.0,1422.0,713.0,43625.0,1252.0,77339,18.0,0.410865099292399,0
77340,30.5,33969.0,41008.0,3039.0,1567.0,6956.0,1309.0,625.0,31774.0,856.0,77340,8.0,0.23550884630103916,0
77345,41.7,26791.0,159013.0,6831.0,3336.0,666.0,496.0,217.0,26695.0,193.0,,0.0,0.0,1
77346,36.4,70704.0,122321.0,13995.0,4168.0,3634.0,1899.0,1303.0,70649.0,369.0,77346,7.0,0.09900429961529758,0
77350,44.9,134.0,50000.0,3.0,3.0,25.0,226.0,11.0,134.0,3.0,,0.0,0.0,1
77351,44.6,34676.0,59245.0,2485.0,983.0,4946.0,916.0,687.0,31093.0,405.0,77351,14.0,0.40373745530049604,0
77354,38.1,40094.0,112562.0,7342.0,1810.0,3910.0,678.0,787.0,40079.0,220.0,77354,5.0,0.12470693869406893,0
77355,42.3,31593.0,107714.0,4545.0,1046.0,2106.0,1003.0,1406.0,31591.0,177.0,,0.0,0.0,1
77356,48.5,29515.0,112394.0,6564.0,2178.0,2275.0,274.0,295.0,29438.0,919.0,77356,3.0,0.1016432322547857,0
77357,30.8,30907.0,69521.0,1497.0,667.0,4457.0,544.0,1228.0,30874.0,163.0,77357,5.0,0.16177564952923285,0
77358,44.2,5013.0,71966.0,272.0,167.0,541.0,75.0,96.0,4914.0,264.0,,0.0,0.0,1
77359,72.2,265.0,55331.0,39.0,259.0,17.0,226.0,263.0,265.0,17.0,,0.0,0.0,1
77360,43.8,5700.0,58076.0,260.0,51.0,954.0,172.0,135.0,5700.0,90.0,,0.0,0.0,1
77362,39.5,6626.0,84612.0,959.0,292.0,840.0,168.0,346.0,6600.0,282.0,,0.0,0.0,1
77363,42.5,3177.0,49946.0,664.0,95.0,399.0,136.0,33.0,3177.0,7.0,,0.0,0.0,1
77364,63.1,2005.0,53548.0,301.0,81.0,270.0,38.0,8.0,2005.0,33.0,,0.0,0.0,1
77365,34.7,39385.0,90493.0,4782.0,1218.0,3804.0,1028.0,723.0,39240.0,146.0,77365,3.0,0.07617113114129745,0
77367,51.6,460.0,71199.0,62.0,40.0,34.0,1.0,44.0,460.0,149.0,,0.0,0.0,1
77371,36.3,7370.0,57056.0,185.0,99.0,896.0,310.0,359.0,7300.0,63.0,77371,1.0,0.135685210312076,0
77372,35.6,13364.0,72749.0,628.0,149.0,1526.0,334.0,676.0,13346.0,16.0,,0.0,0.0,1
77373,33.0,64828.0,83835.0,8068.0,2415.0,6120.0,1675.0,2316.0,64576.0,250.0,77373,2.0,0.03085086690936015,0
77374,50.4,378.0,81411.0,43.0,259.0,89.0,18.0,263.0,378.0,149.0,,0.0,0.0,1
77375,34.0,67965.0,93886.0,11064.0,5600.0,6285.0,1137.0,1953.0,67497.0,855.0,77375,23.0,0.338409475465313,0
77376,41.7,596.0,29498.0,703.0,259.0,51.0,27.0,263.0,596.0,56.0,,0.0,0.0,1
77377,38.9,38188.0,114943.0,6792.0,3565.0,2030.0,1190.0,643.0,38127.0,173.0,77377,9.0,0.23567612862679374,0
77378,37.6,18112.0,66882.0,1423.0,323.0,1636.0,470.0,1163.0,17997.0,197.0,77378,2.0,0.11042402826855123,0
77379,36.5,83247.0,110361.0,18127.0,6349.0,6632.0,2874.0,1305.0,83139.0,868.0,77379,13.0,0.15616178360781768,0
77380,36.4,30034.0,82383.0,7455.0,3022.0,1803.0,736.0,387.0,30031.0,482.0,77380,20.0,0.6659119664380369,0
77381,43.7,36414.0,143198.0,9161.0,4516.0,2348.0,693.0,355.0,36105.0,820.0,77381,7.0,0.1922337562475971,0
77382,40.8,41085.0,162774.0,11070.0,5567.0,1769.0,1549.0,483.0,41002.0,404.0,77382,5.0,0.12169891687963977,0
77384,39.8,22958.0,99884.0,5876.0,2716.0,551.0,505.0,260.0,22761.0,272.0,77384,6.0,0.2613468072131719,0
77385,33.5,26497.0,109677.0,4286.0,1406.0,1377.0,496.0,275.0,26497.0,52.0,77385,5.0,0.18870060761595653,0
77386,33.8,66816.0,131285.0,13141.0,5516.0,4086.0,1169.0,1634.0,66469.0,83.0,77386,13.0,0.19456417624521072,0
77388,35.1,52127.0,99591.0,8515.0,2789.0,4958.0,1580.0,2124.0,52108.0,250.0,77388,7.0,0.13428741343257813,0
77389,33.9,43674.0,142611.0,9207.0,4252.0,3376.0,1011.0,1442.0,43640.0,71.0,77389,3.0,0.06869075422448138,0
77396,33.3,60253.0,76919.0,4947.0,3612.0,6891.0,2025.0,2549.0,57572.0,426.0,77396,4.0,0.06638673593016116,0
77401,44.3,17233.0,215197.0,3958.0,2664.0,370.0,208.0,23.0,17200.0,83.0,77401,18.0,1.0445076307085244,0
77406,37.7,63187.0,139280.0,12307.0,6522.0,3676.0,997.0,1844.0,60482.0,773.0,77406,12.0,0.1899124819978793,0
77407,33.5,76600.0,106131.0,16222.0,6291.0,4724.0,2130.0,2855.0,76583.0,1015.0,77407,32.0,0.4177545691906005,0
77414,35.8,24107.0,54859.0,2274.0,991.0,5862.0,972.0,880.0,23779.0,820.0,77414,12.0,0.4977807275894969,0
77415,31.5,393.0,71908.0,703.0,14.0,159.0,226.0,263.0,393.0,149.0,,0.0,0.0,1
77417,35.0,3267.0,55208.0,62.0,22.0,743.0,88.0,436.0,3267.0,25.0,,0.0,0.0,1
77418,41.0,10384.0,79444.0,1661.0,428.0,1142.0,124.0,254.0,10237.0,124.0,77418,4.0,0.3852080123266564,0
77419,29.4,746.0,45614.0,42.0,259.0,165.0,19.0,31.0,746.0,149.0,,0.0,0.0,1
77420,33.0,2313.0,57266.0,400.0,48.0,132.0,106.0,13.0,2313.0,8.0,,0.0,0.0,1
77422,44.7,14302.0,68937.0,1108.0,286.0,1810.0,400.0,684.0,12923.0,265.0,,0.0,0.0,1
77423,32.2,15627.0,85082.0,1534.0,626.0,1883.0,316.0,737.0,15542.0,67.0,77423,8.0,0.5119344723875344,0
77426,53.2,2086.0,94091.0,397.0,71.0,125.0,226.0,263.0,2086.0,149.0,,0.0,0.0,1
77429,37.3,90790.0,123172.0,19429.0,6815.0,3394.0,2257.0,1482.0,90608.0,311.0,77429,17.0,0.18724529133164447,0
77430,42.0,1718.0,106094.0,268.0,150.0,135.0,43.0,23.0,1718.0,10.0,,0.0,0.0,1
77431,88.2,345.0,16513.0,703.0,259.0,965.0,10.0,263.0,345.0,149.0,,0.0,0.0,1
77433,33.1,107887.0,134390.0,20871.0,9128.0,7348.0,2507.0,2666.0,107841.0,670.0,77433,15.0,0.13903436002484082,0
77434,29.7,4103.0,60227.0,326.0,25.0,386.0,107.0,97.0,4092.0,44.0,77434,2.0,0.4874482086278333,0
77435,42.6,4242.0,62701.0,411.0,184.0,391.0,103.0,328.0,4242.0,38.0,77435,1.0,0.23573785950023574,0
77437,37.1,18466.0,63810.0,1433.0,469.0,2657.0,554.0,591.0,18290.0,246.0,77437,10.0,0.5415357955160836,0
77441,39.0,27067.0,170261.0,7343.0,3389.0,359.0,611.0,281.0,27067.0,149.0,77441,1.0,0.03694535781579045,0
77442,19.2,1451.0,56042.0,43.0,16.0,138.0,8.0,263.0,1451.0,58.0,,0.0,0.0,1
77445,30.6,14680.0,57217.0,1036.0,288.0,1995.0,321.0,810.0,14619.0,252.0,77445,3.0,0.20435967302452318,0
77446,20.4,6276.0,33466.0,138.0,69.0,1011.0,476.0,214.0,6236.0,133.0,,0.0,0.0,1
77447,31.9,19196.0,100250.0,2142.0,717.0,1851.0,465.0,934.0,19147.0,211.0,,0.0,0.0,1
77449,33.5,122098.0,82300.0,15928.0,5233.0,13024.0,3971.0,6245.0,121842.0,1449.0,77449,14.0,0.1146619928254353,0
77450,37.5,72651.0,103245.0,15875.0,6628.0,5314.0,1767.0,2743.0,72597.0,594.0,77450,28.0,0.38540419264703857,0
77451,36.4,472.0,55417.0,15.0,19.0,60.0,226.0,25.0,472.0,5.0,,0.0,0.0,1
77455,30.0,1962.0,61401.0,145.0,14.0,210.0,8.0,43.0,1962.0,62.0,,0.0,0.0,1
77456,20.7,1345.0,58443.0,83.0,16.0,260.0,226.0,116.0,1345.0,34.0,,0.0,0.0,1
77457,62.6,526.0,34531.0,60.0,20.0,180.0,39.0,263.0,526.0,149.0,,0.0,0.0,1
77459,38.2,79937.0,128851.0,16886.0,8440.0,3508.0,2431.0,1242.0,79649.0,342.0,77459,38.0,0.4753743573063788,0
77461,36.2,12719.0,69766.0,1304.0,385.0,2293.0,179.0,876.0,12642.0,182.0,77461,2.0,0.15724506643604055,0
77464,31.8,411.0,54583.0,2.0,15.0,22.0,226.0,2.0,411.0,149.0,,0.0,0.0,1
77465,42.6,7272.0,65515.0,673.0,286.0,998.0,226.0,534.0,7264.0,81.0,77465,1.0,0.1375137513751375,0
77466,57.8,335.0,45588.0,43.0,5.0,72.0,8.0,263.0,335.0,149.0,,0.0,0.0,1
77469,35.4,60971.0,98210.0,9650.0,4594.0,3309.0,1532.0,1719.0,59771.0,699.0,77469,39.0,0.6396483574158206,0
77470,41.8,404.0,48478.0,7.0,14.0,48.0,51.0,263.0,404.0,149.0,77470,1.0,1.6989963870320643,0
77471,32.2,43116.0,67743.0,3920.0,1161.0,6266.0,907.0,1767.0,42875.0,692.0,77471,13.0,0.3015121996474627,0
77474,38.9,14819.0,74139.0,1450.0,456.0,1920.0,286.0,598.0,14747.0,212.0,77474,7.0,0.4723665564478035,0
77475,70.1,446.0,58255.0,17.0,31.0,41.0,17.0,9.0,446.0,149.0,,0.0,0.0,1
77476,53.0,270.0,65491.0,37.0,11.0,55.0,226.0,263.0,270.0,149.0,,0.0,0.0,1
77477,33.7,33771.0,71746.0,6455.0,1744.0,4012.0,991.0,663.0,33771.0,627.0,77477,82.0,1.6989963870320643,0
77478,48.2,23105.0,110032.0,5911.0,2884.0,1179.0,611.0,139.0,23010.0,287.0,77478,84.0,1.6989963870320643,0
77479,40.9,91618.0,154658.0,21135.0,13782.0,3588.0,2554.0,971.0,91538.0,633.0,77479,23.0,0.2510423715863695,0
77480,39.0,8017.0,76445.0,790.0,102.0,579.0,142.0,238.0,7893.0,99.0,77480,3.0,0.37420481476861667,0
77482,43.1,1403.0,71359.0,196.0,15.0,176.0,24.0,8.0,1322.0,149.0,,0.0,0.0,1
77484,31.8,13661.0,72485.0,1421.0,141.0,1712.0,543.0,248.0,13646.0,213.0,77484,2.0,0.14640216675206794,0
77485,39.2,3454.0,46528.0,299.0,90.0,466.0,169.0,130.0,3436.0,43.0,,0.0,0.0,1
77486,38.1,7689.0,88809.0,631.0,428.0,487.0,224.0,252.0,7687.0,85.0,77486,1.0,0.13005592404734037,0
77488,40.6,14205.0,53167.0,941.0,393.0,2435.0,321.0,781.0,14001.0,575.0,77488,8.0,0.5631819781766984,0
77489,36.5,37748.0,71858.0,3934.0,1572.0,3530.0,1408.0,1082.0,37737.0,359.0,77489,23.0,0.6093038041750556,0
77493,31.7,55317.0,110220.0,8835.0,3784.0,5232.0,1741.0,986.0,55183.0,551.0,77493,11.0,0.19885387855451309,0
77494,37.7,130920.0,144444.0,30880.0,17318.0,7047.0,2840.0,2265.0,130630.0,1056.0,77494,26.0,0.19859456156431407,0
77498,35.2,54402.0,93703.0,8039.0,3407.0,4419.0,1699.0,1987.0,54328.0,406.0,77498,20.0,0.3676335428844528,0
77502,31.5,36374.0,58714.0,1251.0,236.0,8515.0,1723.0,1482.0,36257.0,673.0,77502,8.0,0.21993731786440865,0
77503,33.6,23248.0,67697.0,1258.0,262.0,3789.0,858.0,1281.0,23047.0,413.0,77503,1.0,0.043014452856159666,0
77504,32.6,25401.0,52620.0,2002.0,604.0,5060.0,1082.0,673.0,24896.0,697.0,77504,13.0,0.5117908743750246,0
77505,35.6,23179.0,90917.0,2306.0,1368.0,2189.0,704.0,946.0,23147.0,220.0,77505,10.0,0.43142499676431256,0
77506,28.4,37561.0,51810.0,970.0,134.0,8106.0,1920.0,2674.0,37528.0,584.0,77506,2.0,0.0532467186709619,0
77507,30.1,561.0,70406.0,134.0,81.0,46.0,226.0,263.0,561.0,19.0,,0.0,0.0,1
77510,43.4,13506.0,92344.0,1520.0,368.0,993.0,308.0,320.0,13492.0,146.0,,0.0,0.0,1
77511,34.1,50799.0,74466.0,4442.0,1350.0,4928.0,1043.0,1578.0,50684.0,566.0,77511,4.0,0.07874170751392744,0
77514,40.1,5541.0,61569.0,141.0,80.0,1182.0,128.0,98.0,5409.0,71.0,77514,1.0,0.18047283883775492,0
77515,38.5,33406.0,84443.0,2774.0,1202.0,3181.0,572.0,709.0,30593.0,424.0,77515,9.0,0.2694126803568221,0
77517,41.0,6160.0,81618.0,480.0,71.0,212.0,502.0,156.0,6160.0,46.0,,0.0,0.0,1
77518,32.1,10313.0,52246.0,955.0,223.0,2882.0,361.0,698.0,10289.0,113.0,,0.0,0.0,1
77519,48.2,561.0,90571.0,45.0,19.0,16.0,38.0,263.0,561.0,149.0,,0.0,0.0,1
77520,37.4,36488.0,53226.0,1549.0,840.0,7304.0,1365.0,1751.0,36288.0,1418.0,77520,14.0,0.3836877877658408,0
77521,33.0,66215.0,74948.0,4957.0,1691.0,9172.0,2800.0,4418.0,65812.0,1182.0,77521,19.0,0.28694404591104733,0
77523,33.4,27489.0,131444.0,3331.0,1151.0,2926.0,1031.0,279.0,27428.0,315.0,77523,4.0,0.14551275055476737,0
77530,29.8,31304.0,62455.0,1152.0,573.0,6055.0,1036.0,1866.0,31304.0,369.0,77530,2.0,0.0638895987733197,0
77531,30.7,15842.0,69676.0,1616.0,492.0,1196.0,650.0,466.0,15698.0,153.0,77531,3.0,0.18937002903673777,0
77532,36.2,31384.0,91471.0,2443.0,837.0,1957.0,1238.0,985.0,31301.0,537.0,77532,3.0,0.09559010960999235,0
77533,44.9,1059.0,56466.0,21.0,21.0,159.0,37.0,25.0,1059.0,149.0,,0.0,0.0,1
77534,34.7,3210.0,100483.0,226.0,64.0,100.0,71.0,9.0,3210.0,9.0,,0.0,0.0,1
77535,35.2,36841.0,77148.0,2127.0,430.0,4581.0,744.0,856.0,31934.0,376.0,77535,3.0,0.0814310143590022,0
77536,37.5,33111.0,90468.0,3769.0,1128.0,2163.0,831.0,1007.0,32869.0,494.0,77536,6.0,0.1812086617740328,0
77538,39.9,987.0,75294.0,64.0,8.0,20.0,46.0,74.0,981.0,23.0,,0.0,0.0,1
77539,36.5,47240.0,83707.0,5977.0,1664.0,5299.0,1030.0,1290.0,46607.0,878.0,77539,7.0,0.14817950889077053,0
77541,37.0,17087.0,55237.0,781.0,156.0,2684.0,412.0,832.0,17070.0,259.0,,0.0,0.0,1
77545,37.1,25988.0,89784.0,3386.0,1103.0,1354.0,679.0,943.0,25942.0,107.0,77545,5.0,0.19239649068800985,0
77546,38.7,53830.0,117118.0,10301.0,4425.0,1753.0,1348.0,1230.0,53554.0,948.0,77546,9.0,0.16719301504737136,0
77547,27.3,9336.0,41485.0,278.0,67.0,3000.0,560.0,448.0,9336.0,115.0,,0.0,0.0,1
77550,39.2,23215.0,47366.0,3174.0,1064.0,5277.0,1062.0,387.0,22974.0,1737.0,77550,4.0,0.1723023906956709,0
77551,37.1,22521.0,56620.0,2773.0,807.0,3632.0,541.0,655.0,20512.0,916.0,77551,4.0,0.17761200657164425,0
77554,53.4,9825.0,86912.0,2211.0,772.0,791.0,312.0,118.0,9723.0,94.0,77554,2.0,0.2035623409669211,0
77560,38.6,1079.0,95486.0,96.0,10.0,216.0,35.0,77.0,1079.0,149.0,,0.0,0.0,1
77562,35.2,9793.0,64225.0,678.0,213.0,1352.0,322.0,385.0,9770.0,65.0,77562,1.0,0.10211375472276116,0
77563,40.6,10382.0,77917.0,1109.0,269.0,1470.0,424.0,245.0,10357.0,168.0,77563,2.0,0.19264110961279138,0
77564,50.2,1907.0,48315.0,131.0,53.0,143.0,53.0,34.0,1885.0,10.0,,0.0,0.0,1
77565,48.4,6493.0,81921.0,1135.0,451.0,617.0,223.0,263.0,6471.0,56.0,,0.0,0.0,1
77566,34.6,30538.0,91806.0,4584.0,1476.0,2840.0,1019.0,730.0,30454.0,367.0,77566,11.0,0.3602069552688454,0
77568,37.1,20417.0,63806.0,1659.0,1099.0,3230.0,805.0,451.0,20275.0,424.0,77568,3.0,0.1469363765489543,0
77571,36.4,37346.0,80778.0,2821.0,1149.0,4329.0,959.0,1004.0,37306.0,772.0,77571,5.0,0.13388314678948213,0
77573,37.0,95704.0,119948.0,21160.0,6962.0,4346.0,2319.0,2622.0,95101.0,695.0,77573,21.0,0.21942656524283205,0
77575,37.4,16392.0,51285.0,1012.0,335.0,2842.0,504.0,698.0,15815.0,264.0,77575,9.0,0.5490483162518301,0
77577,45.6,1106.0,61006.0,38.0,14.0,15.0,17.0,30.0,1069.0,35.0,,0.0,0.0,1
77578,37.5,24322.0,126498.0,3609.0,1870.0,1393.0,345.0,481.0,24227.0,220.0,77578,1.0,0.04111503988158869,0
77581,37.1,50554.0,105053.0,7814.0,3179.0,1939.0,942.0,807.0,50385.0,192.0,77581,11.0,0.217589112632037,0
77582,49.1,363.0,98929.0,14.0,259.0,25.0,9.0,263.0,363.0,149.0,,0.0,0.0,1
77583,36.3,44443.0,110852.0,5229.0,3039.0,2197.0,1258.0,1049.0,37665.0,133.0,,0.0,0.0,1
77584,36.0,90364.0,112994.0,18649.0,7239.0,4415.0,1775.0,1261.0,89694.0,669.0,77584,20.0,0.2213270771546191,0
77586,41.8,23802.0,105076.0,4816.0,1679.0,1381.0,594.0,576.0,23700.0,148.0,77586,1.0,0.042013276195277706,0
77587,28.3,16185.0,50925.0,643.0,115.0,3712.0,705.0,1045.0,16179.0,230.0,,0.0,0.0,1
77590,36.4,33347.0,57293.0,2704.0,754.0,5732.0,1360.0,1086.0,32990.0,891.0,77590,7.0,0.20991393528653252,0
77591,35.7,15914.0,62135.0,1736.0,506.0,2232.0,381.0,349.0,15535.0,399.0,77591,14.0,0.8797285409073772,0
77598,34.5,26635.0,56551.0,3742.0,1250.0,3537.0,889.0,888.0,26414.0,708.0,77598,19.0,0.713347099680871,0
77611,38.0,9814.0,98718.0,1260.0,329.0,828.0,128.0,446.0,9814.0,51.0,77611,4.0,0.40758100672508657,0
77612,37.3,9725.0,59666.0,482.0,154.0,1770.0,553.0,405.0,9610.0,86.0,77612,1.0,0.10282776349614396,0
77613,39.9,855.0,51786.0,52.0,19.0,85.0,38.0,39.0,855.0,22.0,,0.0,0.0,1
77614,57.6,493.0,28698.0,33.0,259.0,28.0,14.0,263.0,493.0,149.0,,0.0,0.0,1
77615,47.5,339.0,59688.0,7.0,259.0,29.0,23.0,263.0,339.0,8.0,,0.0,0.0,1
77617,67.4,38.0,70536.0,8.0,259.0,965.0,226.0,263.0,38.0,149.0,,0.0,0.0,1
77619,38.9,17110.0,64737.0,1162.0,397.0,1803.0,331.0,570.0,16890.0,286.0,77619,4.0,0.233781414377557,0
77622,29.3,1990.0,117779.0,234.0,15.0,165.0,7.0,110.0,1990.0,21.0,,0.0,0.0,1
77623,60.9,515.0,64318.0,34.0,42.0,17.0,226.0,5.0,515.0,12.0,,0.0,0.0,1
77624,63.3,644.0,47917.0,45.0,13.0,49.0,28.0,263.0,644.0,149.0,,0.0,0.0,1
77625,39.9,8274.0,67942.0,637.0,232.0,1370.0,346.0,329.0,8216.0,169.0,77625,1.0,0.12086052695189752,0
77627,38.1,22180.0,75461.0,2940.0,790.0,1644.0,331.0,731.0,22111.0,349.0,77627,7.0,0.3155996393146979,0
77629,50.5,576.0,53527.0,51.0,10.0,60.0,29.0,263.0,576.0,149.0,,0.0,0.0,1
77630,35.4,29160.0,61223.0,2070.0,605.0,4363.0,845.0,521.0,28680.0,818.0,77630,9.0,0.30864197530864196,0
77632,40.4,21451.0,83679.0,2296.0,618.0,2853.0,587.0,292.0,21425.0,252.0,77632,1.0,0.04661787329262039,0
77640,37.9,16896.0,49122.0,869.0,398.0,3880.0,720.0,503.0,16868.0,754.0,77640,3.0,0.17755681818181818,0
77642,30.9,38720.0,42076.0,1772.0,573.0,10784.0,1035.0,2323.0,38153.0,1459.0,77642,13.0,0.3357438016528926,0
77650,65.4,2073.0,61211.0,243.0,259.0,308.0,226.0,263.0,2073.0,149.0,,0.0,0.0,1
77651,39.0,13635.0,85086.0,1595.0,701.0,1157.0,356.0,131.0,13635.0,72.0,77651,1.0,0.07334066740007335,0
77655,59.4,294.0,68472.0,13.0,19.0,10.0,226.0,263.0,279.0,149.0,,0.0,0.0,1
77656,41.9,17280.0,61286.0,1602.0,314.0,2260.0,209.0,312.0,16984.0,376.0,77656,10.0,0.5787037037037037,0
77657,39.5,21084.0,86611.0,2394.0,618.0,2063.0,315.0,507.0,20950.0,287.0,77657,1.0,0.0474293302978562,0
77659,33.5,6305.0,93780.0,644.0,216.0,967.0,183.0,405.0,6305.0,57.0,,0.0,0.0,1
77660,51.8,1111.0,52647.0,86.0,26.0,168.0,100.0,20.0,1111.0,4.0,,0.0,0.0,1
77662,40.4,25849.0,68901.0,1727.0,396.0,2353.0,852.0,1143.0,25663.0,589.0,77662,7.0,0.270803512708422,0
77664,49.4,2621.0,64643.0,251.0,136.0,270.0,136.0,16.0,2621.0,72.0,,0.0,0.0,1
77665,41.6,6593.0,70564.0,568.0,67.0,1254.0,249.0,383.0,6457.0,21.0,77665,2.0,0.3033520400424693,0
77701,36.8,12955.0,46653.0,408.0,217.0,3152.0,381.0,726.0,12896.0,668.0,77701,13.0,1.0034735623311462,0
77702,40.4,3234.0,61042.0,373.0,174.0,346.0,61.0,175.0,3234.0,112.0,77702,19.0,1.6989963870320643,0
77703,32.2,11704.0,27972.0,336.0,174.0,4566.0,283.0,387.0,11551.0,401.0,77703,3.0,0.2563226247436774,0
77705,38.3,38228.0,47311.0,1786.0,666.0,5182.0,641.0,445.0,26670.0,1080.0,77705,6.0,0.1569530187297269,0
77706,38.3,29693.0,70772.0,6656.0,1956.0,3151.0,811.0,498.0,29406.0,969.0,77706,23.0,0.774593338497289,0
77707,34.8,18124.0,64545.0,1994.0,666.0,3182.0,411.0,1064.0,17596.0,306.0,77707,19.0,1.0483337011697198,0
77708,36.6,13284.0,56151.0,1260.0,242.0,2393.0,243.0,475.0,13193.0,366.0,77708,7.0,0.5269497139415839,0
77713,35.8,14458.0,84710.0,1959.0,461.0,1862.0,226.0,207.0,14337.0,40.0,77713,2.0,0.1383317194632729,0
77801,22.8,15163.0,30849.0,831.0,496.0,6729.0,493.0,429.0,15163.0,518.0,77801,1.0,0.06595000989250148,0
77802,37.5,24226.0,65150.0,4533.0,1969.0,3187.0,262.0,216.0,23782.0,914.0,77802,19.0,0.7842813506150417,0
77803,30.4,32130.0,51914.0,1225.0,437.0,8516.0,935.0,1721.0,30160.0,507.0,77803,3.0,0.09337068160597571,0
77807,32.2,12949.0,71966.0,1801.0,704.0,1961.0,376.0,388.0,11481.0,274.0,,0.0,0.0,1
77808,41.4,14666.0,92868.0,2580.0,959.0,786.0,230.0,316.0,14626.0,61.0,,0.0,0.0,1
77830,40.9,2815.0,103635.0,420.0,178.0,163.0,26.0,61.0,2805.0,13.0,,0.0,0.0,1
77831,50.3,3095.0,58250.0,185.0,196.0,570.0,21.0,131.0,3095.0,186.0,,0.0,0.0,1
77833,40.1,28884.0,63474.0,3686.0,1031.0,3556.0,411.0,886.0,27947.0,678.0,77833,17.0,0.5885611411161888,0
77835,43.7,2912.0,80385.0,346.0,148.0,182.0,41.0,315.0,2912.0,32.0,,0.0,0.0,1
77836,44.9,12042.0,75357.0,1278.0,376.0,1201.0,109.0,177.0,11851.0,143.0,77836,2.0,0.16608536787908987,0
77837,47.2,1439.0,53523.0,138.0,101.0,90.0,44.0,263.0,1422.0,38.0,77837,1.0,0.6949270326615705,0
77840,22.1,53891.0,30049.0,4635.0,2445.0,21765.0,1717.0,565.0,53715.0,1974.0,77840,6.0,0.11133584457516098,0
77845,32.2,73969.0,87391.0,13413.0,6933.0,9716.0,948.0,790.0,73728.0,539.0,77845,17.0,0.22982600819262122,0
77853,51.5,1009.0,55238.0,84.0,18.0,97.0,12.0,263.0,1009.0,60.0,,0.0,0.0,1
77856,37.4,4748.0,84940.0,545.0,112.0,295.0,130.0,181.0,4622.0,52.0,77856,2.0,0.42122999157540014,0
77857,47.7,1033.0,55417.0,73.0,29.0,126.0,14.0,13.0,1033.0,6.0,,0.0,0.0,1
77859,39.2,7220.0,49817.0,460.0,204.0,1677.0,415.0,207.0,7220.0,253.0,77859,3.0,0.4155124653739612,0
77861,43.1,2921.0,67113.0,284.0,136.0,293.0,55.0,55.0,2921.0,13.0,,0.0,0.0,1
77864,37.7,7565.0,67574.0,489.0,167.0,856.0,193.0,243.0,7427.0,273.0,77864,6.0,0.7931262392597489,0
77865,35.9,2141.0,84602.0,125.0,54.0,200.0,59.0,214.0,2141.0,2.0,,0.0,0.0,1
77867,47.4,211.0,29531.0,6.0,259.0,21.0,226.0,62.0,211.0,31.0,,0.0,0.0,1
77868,38.1,17559.0,59534.0,892.0,540.0,2200.0,437.0,1171.0,14164.0,174.0,77868,3.0,0.170852554245686,0
77871,55.5,2528.0,56544.0,248.0,240.0,198.0,32.0,49.0,2528.0,31.0,,0.0,0.0,1
77872,33.2,2327.0,76250.0,157.0,22.0,305.0,49.0,35.0,2327.0,40.0,,0.0,0.0,1
77873,47.7,1287.0,76705.0,172.0,74.0,179.0,11.0,263.0,1287.0,8.0,,0.0,0.0,1
77876,46.5,175.0,67457.0,3.0,36.0,965.0,226.0,263.0,175.0,149.0,,0.0,0.0,1
77878,43.8,705.0,47403.0,90.0,8.0,219.0,22.0,10.0,705.0,22.0,,0.0,0.0,1
77879,44.8,4876.0,69636.0,708.0,174.0,785.0,181.0,113.0,4876.0,96.0,,0.0,0.0,1
77880,57.2,2041.0,87324.0,183.0,142.0,157.0,7.0,47.0,2014.0,156.0,,0.0,0.0,1
77901,32.8,40137.0,52823.0,2666.0,619.0,9339.0,1304.0,1853.0,39577.0,1617.0,77901,23.0,0.5730373470862297,0
77904,38.2,29761.0,85410.0,3638.0,1086.0,2547.0,526.0,418.0,29334.0,612.0,77904,14.0,0.47041430059473804,0
77905,40.3,16500.0,77146.0,1495.0,277.0,2118.0,389.0,253.0,16434.0,191.0,,0.0,0.0,1
77950,54.0,156.0,55455.0,12.0,259.0,8.0,2.0,263.0,156.0,149.0,,0.0,0.0,1
77951,41.1,1246.0,24331.0,10.0,29.0,533.0,38.0,57.0,1246.0,89.0,,0.0,0.0,1
77954,40.9,10918.0,61382.0,802.0,253.0,1600.0,261.0,109.0,9159.0,313.0,77954,5.0,0.4579593332112108,0
77957,40.8,8492.0,63750.0,686.0,155.0,1417.0,258.0,77.0,8325.0,207.0,77957,3.0,0.35327366933584553,0
77962,32.9,3813.0,79004.0,196.0,43.0,329.0,19.0,176.0,3759.0,88.0,77962,1.0,0.26226068712300027,0
77963,40.6,5246.0,55313.0,434.0,191.0,577.0,82.0,62.0,5149.0,145.0,77963,1.0,0.19062142584826536,0
77964,43.2,7911.0,60435.0,750.0,317.0,816.0,135.0,67.0,7694.0,150.0,77964,2.0,0.2528125395019593,0
77968,39.2,3220.0,77794.0,547.0,105.0,124.0,25.0,98.0,3190.0,149.0,,0.0,0.0,1
77969,54.4,224.0,78125.0,23.0,259.0,965.0,226.0,28.0,224.0,149.0,,0.0,0.0,1
77970,33.1,273.0,83542.0,703.0,34.0,965.0,22.0,31.0,273.0,149.0,,0.0,0.0,1
77971,47.8,854.0,56124.0,703.0,259.0,965.0,226.0,263.0,854.0,149.0,,0.0,0.0,1
77974,36.1,565.0,59000.0,29.0,5.0,188.0,23.0,263.0,565.0,8.0,,0.0,0.0,1
77975,48.6,1643.0,55533.0,185.0,85.0,187.0,9.0,57.0,1595.0,19.0,77975,1.0,0.6086427267194157,0
77977,40.4,536.0,22500.0,19.0,259.0,156.0,226.0,263.0,536.0,7.0,,0.0,0.0,1
77978,41.3,458.0,90625.0,18.0,7.0,60.0,226.0,263.0,458.0,149.0,,0.0,0.0,1
77979,37.4,16607.0,60782.0,1137.0,590.0,1607.0,280.0,294.0,16344.0,339.0,77979,5.0,0.3010778587342687,0
77982,64.6,791.0,91150.0,26.0,18.0,2.0,1.0,12.0,791.0,149.0,,0.0,0.0,1
77983,37.9,2337.0,80541.0,186.0,36.0,134.0,59.0,74.0,2337.0,149.0,,0.0,0.0,1
77984,47.6,4365.0,84177.0,728.0,132.0,276.0,82.0,49.0,4299.0,35.0,77984,1.0,0.2290950744558992,0
77987,38.0,146.0,109375.0,3.0,7.0,6.0,3.0,5.0,146.0,149.0,,0.0,0.0,1
77988,52.7,161.0,61913.0,18.0,259.0,49.0,226.0,263.0,161.0,149.0,,0.0,0.0,1
77990,52.1,962.0,74250.0,72.0,40.0,57.0,81.0,10.0,962.0,8.0,,0.0,0.0,1
77991,18.4,526.0,119531.0,72.0,259.0,965.0,48.0,11.0,526.0,12.0,,0.0,0.0,1
77994,32.2,430.0,81544.0,46.0,20.0,150.0,226.0,70.0,430.0,149.0,,0.0,0.0,1
77995,39.1,10890.0,54300.0,785.0,176.0,1340.0,149.0,274.0,10691.0,175.0,77995,2.0,0.18365472910927455,0
78002,30.9,8047.0,64792.0,283.0,146.0,1214.0,165.0,593.0,8034.0,10.0,,0.0,0.0,1
78003,52.0,8940.0,63052.0,978.0,578.0,1608.0,171.0,336.0,8778.0,35.0,78003,2.0,0.2237136465324385,0
78004,65.2,610.0,137598.0,164.0,136.0,11.0,226.0,263.0,610.0,149.0,,0.0,0.0,1
78005,41.3,1421.0,66093.0,11.0,3.0,149.0,226.0,263.0,1421.0,149.0,,0.0,0.0,1
78006,42.5,41236.0,107803.0,8729.0,3975.0,2324.0,901.0,951.0,40733.0,449.0,78006,14.0,0.3395091667475022,0
78007,14.0,196.0,62143.0,2.0,259.0,22.0,226.0,263.0,196.0,149.0,,0.0,0.0,1
78009,42.3,9202.0,98732.0,1149.0,628.0,800.0,194.0,255.0,9099.0,90.0,78009,2.0,0.21734405564007825,0
78010,45.9,4174.0,73682.0,462.0,171.0,613.0,140.0,176.0,4146.0,57.0,,0.0,0.0,1
78011,32.6,1608.0,27193.0,53.0,259.0,514.0,34.0,139.0,1608.0,92.0,,0.0,0.0,1
78012,32.4,253.0,46000.0,703.0,259.0,23.0,24.0,13.0,253.0,19.0,,0.0,0.0,1
78013,50.9,5169.0,75838.0,903.0,362.0,347.0,155.0,198.0,5120.0,149.0,78013,1.0,0.1934610176049526,0
78014,35.7,5245.0,67994.0,105.0,53.0,1445.0,86.0,263.0,4532.0,149.0,78014,2.0,0.3813155386081983,0
78015,37.7,21583.0,146838.0,5940.0,2101.0,1024.0,416.0,408.0,21583.0,53.0,78015,1.0,0.04633276189593662,0
78016,41.9,11345.0,56205.0,987.0,461.0,1158.0,97.0,345.0,11185.0,263.0,78016,4.0,0.35257822829440283,0
78017,32.9,5471.0,72188.0,207.0,148.0,427.0,20.0,69.0,3468.0,86.0,78017,1.0,0.18278194114421495,0
78019,37.4,1877.0,49306.0,95.0,39.0,258.0,10.0,93.0,1629.0,43.0,,0.0,0.0,1
78022,37.7,4724.0,57833.0,163.0,172.0,956.0,51.0,79.0,4480.0,97.0,78022,1.0,0.21168501270110077,0
78023,43.5,28195.0,129145.0,6445.0,3099.0,1006.0,557.0,359.0,28040.0,46.0,78023,1.0,0.035467281432878174,0
78024,55.9,1190.0,71386.0,278.0,95.0,258.0,7.0,263.0,1190.0,149.0,,0.0,0.0,1
78025,49.4,5264.0,64340.0,874.0,245.0,596.0,64.0,234.0,5178.0,54.0,,0.0,0.0,1
78026,41.4,6426.0,74047.0,888.0,109.0,677.0,192.0,138.0,6303.0,273.0,78026,2.0,0.31123560535325245,0
78027,48.7,460.0,103194.0,156.0,12.0,965.0,226.0,263.0,460.0,149.0,,0.0,0.0,1
78028,47.2,39906.0,64768.0,5170.0,2436.0,4900.0,584.0,1480.0,39077.0,853.0,78028,12.0,0.3007066606525335,0
78039,44.6,2193.0,69669.0,238.0,77.0,265.0,3.0,9.0,2176.0,49.0,,0.0,0.0,1
78040,29.6,36727.0,33819.0,1133.0,349.0,12568.0,879.0,2330.0,36471.0,1984.0,78040,15.0,0.4084188743975821,0
78041,31.4,47594.0,61696.0,5351.0,1527.0,8708.0,1446.0,1755.0,47048.0,988.0,78041,63.0,1.3236962642349877,0
78043,28.5,44443.0,54816.0,2304.0,678.0,12298.0,1770.0,1783.0,44428.0,646.0,78043,14.0,0.3150102378327295,0
78045,32.2,67686.0,85219.0,10069.0,3228.0,4399.0,1170.0,3465.0,67646.0,418.0,78045,7.0,0.10341872765416778,0
78046,26.0,69422.0,51667.0,3148.0,1090.0,18222.0,1756.0,4228.0,68439.0,728.0,78046,2.0,0.02880931116936994,0
78050,31.3,713.0,92679.0,18.0,259.0,153.0,226.0,75.0,713.0,149.0,,0.0,0.0,1
78052,37.7,6339.0,69583.0,398.0,180.0,842.0,275.0,90.0,6233.0,65.0,78052,2.0,0.3155071777882947,0
78055,55.8,2036.0,67560.0,193.0,112.0,409.0,35.0,31.0,2035.0,8.0,,0.0,0.0,1
78056,42.4,2096.0,115885.0,286.0,386.0,18.0,3.0,263.0,2096.0,149.0,,0.0,0.0,1
78058,63.7,871.0,98661.0,174.0,64.0,31.0,226.0,263.0,848.0,13.0,,0.0,0.0,1
78059,36.9,6106.0,72648.0,368.0,84.0,354.0,79.0,170.0,6093.0,91.0,,0.0,0.0,1
78061,32.6,10892.0,45783.0,388.0,71.0,2375.0,159.0,47.0,9538.0,394.0,78061,4.0,0.3672420124862284,0
78063,50.3,10309.0,78149.0,1471.0,593.0,1321.0,450.0,110.0,10309.0,52.0,,0.0,0.0,1
78064,35.3,15969.0,71180.0,1293.0,386.0,1728.0,587.0,539.0,15751.0,283.0,78064,4.0,0.25048531529839063,0
78065,36.3,11741.0,59450.0,680.0,127.0,1436.0,189.0,217.0,11694.0,152.0,78065,1.0,0.08517162081594414,0
78066,68.3,707.0,88532.0,108.0,69.0,24.0,226.0,263.0,707.0,149.0,,0.0,0.0,1
78067,39.1,811.0,69181.0,57.0,259.0,126.0,14.0,72.0,811.0,35.0,,0.0,0.0,1
78069,32.5,7124.0,73355.0,332.0,85.0,931.0,154.0,386.0,7112.0,20.0,,0.0,0.0,1
78070,47.9,18529.0,99219.0,3320.0,1405.0,1345.0,238.0,312.0,18464.0,136.0,78070,4.0,0.2158778131577527,0
78071,38.4,3837.0,45426.0,279.0,27.0,645.0,57.0,79.0,2628.0,78.0,78071,1.0,0.26062027625749284,0
78072,39.1,437.0,53056.0,41.0,17.0,70.0,6.0,55.0,437.0,6.0,,0.0,0.0,1
78073,32.4,9219.0,64375.0,562.0,136.0,1103.0,148.0,350.0,9193.0,89.0,,0.0,0.0,1
78076,30.5,13037.0,34779.0,665.0,128.0,4953.0,410.0,403.0,12917.0,407.0,78076,5.0,0.3835238168290251,0
78101,40.9,8863.0,83052.0,852.0,454.0,1213.0,101.0,1260.0,8853.0,111.0,,0.0,0.0,1
78102,35.4,26887.0,51147.0,1272.0,488.0,4325.0,652.0,481.0,19723.0,366.0,78102,10.0,0.3719269535463235,0
78104,27.1,86.0,66771.0,703.0,259.0,7.0,4.0,263.0,86.0,149.0,,0.0,0.0,1
78108,35.5,46463.0,111863.0,6766.0,3206.0,1843.0,1258.0,562.0,45579.0,124.0,,0.0,0.0,1
78109,33.2,52507.0,81152.0,6547.0,2758.0,5866.0,1196.0,1359.0,51388.0,381.0,78109,9.0,0.17140571733292703,0
78112,37.4,10234.0,55481.0,442.0,134.0,1528.0,429.0,301.0,10234.0,204.0,,0.0,0.0,1
78113,45.2,2691.0,87865.0,360.0,89.0,276.0,15.0,50.0,2691.0,17.0,,0.0,0.0,1
78114,40.8,23351.0,83511.0,2712.0,940.0,1720.0,372.0,371.0,22861.0,191.0,78114,7.0,0.2997730289923344,0
78117,40.4,667.0,84479.0,108.0,46.0,965.0,226.0,263.0,667.0,3.0,,0.0,0.0,1
78118,39.3,4147.0,61577.0,345.0,42.0,625.0,100.0,117.0,3132.0,57.0,78118,2.0,0.48227634434530986,0
78121,38.9,14461.0,114338.0,2066.0,716.0,1285.0,251.0,156.0,14338.0,62.0,78121,1.0,0.06915151096051449,0
78122,64.3,207.0,148125.0,5.0,4.0,965.0,226.0,263.0,207.0,149.0,,0.0,0.0,1
78123,46.7,2310.0,92004.0,254.0,178.0,214.0,50.0,37.0,2310.0,23.0,,0.0,0.0,1
78124,42.5,7250.0,78571.0,710.0,172.0,457.0,132.0,151.0,7224.0,65.0,,0.0,0.0,1
78125,74.8,21.0,24167.0,4.0,2.0,5.0,226.0,263.0,21.0,149.0,,0.0,0.0,1
78130,35.1,91275.0,82896.0,14947.0,4634.0,5745.0,1785.0,1767.0,90205.0,862.0,78130,30.0,0.3286770747740345,0
78132,43.3,37386.0,119561.0,7915.0,4154.0,1215.0,478.0,507.0,37109.0,351.0,78132,1.0,0.026747980527470176,0
78133,49.2,22120.0,78674.0,3121.0,1316.0,2041.0,311.0,719.0,22082.0,256.0,,0.0,0.0,1
78140,27.6,3889.0,66940.0,77.0,10.0,282.0,44.0,173.0,3889.0,94.0,,0.0,0.0,1
78141,55.0,850.0,45104.0,33.0,21.0,52.0,16.0,43.0,850.0,7.0,,0.0,0.0,1
78142,80.4,35.0,36042.0,4.0,6.0,8.0,226.0,263.0,35.0,5.0,,0.0,0.0,1
78145,37.4,81.0,45313.0,703.0,259.0,965.0,2.0,263.0,81.0,149.0,,0.0,0.0,1
78147,30.0,1709.0,69917.0,158.0,25.0,55.0,37.0,31.0,1709.0,4.0,,0.0,0.0,1
78148,34.9,22236.0,71368.0,2988.0,1364.0,2823.0,567.0,451.0,21729.0,165.0,78148,3.0,0.13491635186184567,0
78151,30.7,1592.0,38225.0,113.0,83.0,446.0,10.0,60.0,1592.0,54.0,,0.0,0.0,1
78152,41.3,2969.0,113205.0,456.0,247.0,188.0,23.0,89.0,2894.0,22.0,,0.0,0.0,1
78154,37.5,40535.0,95422.0,6796.0,3502.0,2758.0,1182.0,473.0,39319.0,223.0,78154,9.0,0.22203034414703343,0
78155,37.5,52295.0,68430.0,4987.0,1734.0,8447.0,1030.0,1260.0,51491.0,1023.0,78155,21.0,0.4015680275360933,0
78159,43.4,587.0,32000.0,73.0,259.0,182.0,24.0,263.0,587.0,5.0,78159,2.0,1.6989963870320643,0
78160,41.3,5008.0,81649.0,337.0,158.0,942.0,65.0,67.0,4977.0,76.0,78160,1.0,0.1996805111821086,0
78161,32.3,519.0,52552.0,40.0,259.0,256.0,49.0,263.0,519.0,15.0,,0.0,0.0,1
78162,29.8,343.0,44091.0,28.0,2.0,965.0,4.0,263.0,343.0,149.0,,0.0,0.0,1
78163,46.3,15389.0,127650.0,3609.0,1261.0,704.0,282.0,233.0,15355.0,22.0,78163,1.0,0.06498148027812073,0
78164,44.9,3397.0,58750.0,190.0,97.0,434.0,57.0,62.0,3341.0,97.0,78164,2.0,0.588754783632617,0
78201,37.7,45355.0,40356.0,2896.0,1629.0,12129.0,1291.0,1405.0,44781.0,2429.0,78201,17.0,0.3748208576783155,0
78202,39.0,9695.0,39759.0,929.0,595.0,2388.0,528.0,249.0,9532.0,618.0,78202,3.0,0.30943785456420836,0
78203,36.5,5174.0,32500.0,206.0,133.0,1706.0,219.0,82.0,5153.0,348.0,,0.0,0.0,1
78204,34.0,11969.0,47620.0,900.0,664.0,2312.0,309.0,241.0,11848.0,685.0,78204,1.0,0.08354916868577157,0
78205,44.0,1741.0,36746.0,352.0,25.0,375.0,50.0,263.0,1722.0,428.0,78205,2.0,1.1487650775416427,0
78207,32.7,51381.0,28500.0,1133.0,564.0,20096.0,2337.0,1510.0,48148.0,3235.0,78207,12.0,0.23354936649734337,0
78208,33.9,4186.0,23864.0,221.0,131.0,1597.0,182.0,82.0,4079.0,468.0,78208,1.0,0.23889154323936931,0
78209,36.9,43184.0,79914.0,9113.0,4635.0,3322.0,599.0,634.0,41953.0,973.0,78209,24.0,0.5557613931085588,0
78210,35.2,33413.0,50169.0,2046.0,873.0,8361.0,1048.0,706.0,33240.0,1401.0,78210,5.0,0.1496423547720947,0
78211,36.2,31433.0,50183.0,1006.0,356.0,8261.0,957.0,1170.0,31433.0,734.0,78211,3.0,0.09544109693634079,0
78212,38.1,26911.0,58029.0,3644.0,1980.0,3697.0,955.0,483.0,26155.0,1205.0,78212,17.0,0.6317119393556537,0
78213,35.3,42321.0,51118.0,4411.0,1622.0,8647.0,991.0,2259.0,42269.0,1311.0,78213,23.0,0.543465419059096,0
78214,36.7,22914.0,38591.0,882.0,243.0,5720.0,622.0,552.0,22712.0,959.0,78214,6.0,0.2618486514794449,0
78215,32.7,3231.0,77725.0,954.0,400.0,369.0,112.0,10.0,3017.0,113.0,78215,5.0,1.547508511296812,0
78216,35.1,42379.0,54394.0,5448.0,2962.0,7181.0,1004.0,958.0,42142.0,1658.0,78216,46.0,1.0854432619929684,0
78217,35.6,32152.0,53795.0,3887.0,1544.0,4528.0,1051.0,530.0,32040.0,1429.0,78217,31.0,0.9641701915899478,0
78218,36.1,37122.0,52151.0,2862.0,1245.0,7383.0,978.0,1221.0,36189.0,1291.0,78218,5.0,0.13469101880286624,0
78219,33.2,16442.0,49534.0,904.0,227.0,3714.0,561.0,417.0,16409.0,431.0,78219,1.0,0.060819851599562096,0
78220,34.8,16919.0,39694.0,694.0,222.0,5977.0,620.0,608.0,16731.0,730.0,78220,3.0,0.17731544417518766,0
78221,35.0,40272.0,57209.0,1747.0,805.0,7344.0,1159.0,1396.0,40086.0,1169.0,78221,9.0,0.2234803337306317,0
78222,34.9,24866.0,66836.0,2152.0,559.0,3690.0,581.0,1027.0,24565.0,881.0,78222,6.0,0.2412933322609185,0
78223,34.9,55063.0,45687.0,2432.0,958.0,13683.0,1250.0,1527.0,54473.0,2546.0,78223,5.0,0.09080507781995169,0
78224,31.0,20965.0,53841.0,1199.0,182.0,3577.0,618.0,726.0,20374.0,404.0,78224,6.0,0.28619127116622944,0
78225,37.7,13802.0,43883.0,672.0,371.0,3126.0,512.0,275.0,13802.0,575.0,,0.0,0.0,1
78226,33.1,7357.0,30669.0,243.0,66.0,2253.0,304.0,131.0,7341.0,519.0,,0.0,0.0,1
78227,33.4,45553.0,45396.0,1850.0,543.0,10505.0,1551.0,1252.0,45354.0,1093.0,78227,5.0,0.1097622549557658,0
78228,34.9,57172.0,46736.0,3281.0,1107.0,13445.0,1952.0,1778.0,56973.0,2020.0,78228,38.0,0.6646610228783321,0
78229,29.8,34082.0,44574.0,4043.0,1788.0,7710.0,804.0,438.0,33197.0,1717.0,78229,88.0,1.6989963870320643,0
78230,38.2,42387.0,69171.0,8768.0,3799.0,3945.0,1192.0,322.0,42133.0,822.0,78230,54.0,1.273975511359615,0
78231,38.7,9972.0,106719.0,2093.0,1210.0,432.0,237.0,77.0,9913.0,145.0,78231,2.0,0.20056157240272762,0
78232,38.5,36169.0,85029.0,7688.0,3225.0,3893.0,738.0,688.0,35636.0,440.0,78232,28.0,0.774143603638475,0
78233,34.6,47172.0,68157.0,4724.0,1550.0,6039.0,1119.0,1577.0,46850.0,795.0,78233,14.0,0.29678622911896885,0
78234,20.9,5534.0,85903.0,653.0,270.0,297.0,31.0,263.0,2691.0,5.0,,0.0,0.0,1
78235,27.4,2548.0,60202.0,320.0,128.0,363.0,33.0,64.0,2517.0,10.0,,0.0,0.0,1
78236,21.3,8154.0,73750.0,532.0,121.0,136.0,109.0,263.0,1635.0,24.0,,0.0,0.0,1
78237,34.1,38492.0,38447.0,923.0,396.0,10977.0,1517.0,1185.0,38434.0,1505.0,78237,5.0,0.129897121479788,0
78238,34.7,25900.0,54287.0,2109.0,855.0,3391.0,866.0,630.0,25742.0,1258.0,78238,12.0,0.4633204633204633,0
78239,36.0,30482.0,71721.0,3405.0,1716.0,3999.0,760.0,804.0,30124.0,417.0,78239,4.0,0.13122498523718915,0
78240,31.9,57532.0,61241.0,8855.0,3833.0,8574.0,1504.0,1078.0,56769.0,2097.0,78240,52.0,0.9038448167976083,0
78242,27.8,36404.0,45589.0,1403.0,279.0,10082.0,1858.0,1212.0,36332.0,638.0,78242,1.0,0.027469508845181848,0
78244,33.0,36234.0,64968.0,3509.0,1516.0,3575.0,820.0,813.0,35791.0,124.0,78244,5.0,0.13799194127062978,0
78245,30.8,92770.0,83005.0,9513.0,3627.0,8695.0,2562.0,3302.0,90323.0,746.0,78245,7.0,0.07545542740109949,0
78247,37.4,49888.0,84283.0,8633.0,2960.0,3816.0,1695.0,1023.0,49368.0,335.0,78247,31.0,0.6213919178960873,0
78248,42.9,13366.0,125089.0,3309.0,1648.0,293.0,180.0,122.0,13255.0,150.0,78248,6.0,0.4489001945234176,0
78249,28.2,60769.0,78836.0,10705.0,5063.0,8659.0,2003.0,710.0,60478.0,492.0,78249,26.0,0.42784972601161775,0
78250,34.5,59434.0,80403.0,8381.0,3446.0,5582.0,1395.0,1579.0,59177.0,509.0,78250,10.0,0.16825386142611973,0
78251,31.7,62064.0,74572.0,7524.0,3609.0,5044.0,2487.0,1169.0,60789.0,496.0,78251,18.0,0.2900232018561485,0
78252,31.6,15624.0,80270.0,1360.0,423.0,763.0,299.0,538.0,13246.0,84.0,,0.0,0.0,1
78253,32.7,63735.0,104951.0,9573.0,5530.0,3840.0,1266.0,752.0,62390.0,454.0,78253,2.0,0.031379932533145055,0
78254,31.9,76945.0,108322.0,13996.0,5019.0,3967.0,2099.0,1133.0,75870.0,503.0,78254,4.0,0.05198518422249659,0
78255,40.5,18149.0,149188.0,4081.0,2298.0,752.0,286.0,224.0,18086.0,77.0,,0.0,0.0,1
78256,27.0,12195.0,70177.0,2318.0,1279.0,2423.0,376.0,68.0,12174.0,491.0,78256,2.0,0.16400164001640016,0
78257,37.2,9783.0,74437.0,2238.0,1044.0,892.0,76.0,119.0,9698.0,178.0,78257,1.0,0.10221813349688234,0
78258,37.5,48344.0,110635.0,11387.0,5243.0,3217.0,832.0,991.0,47778.0,679.0,78258,22.0,0.45507198411385075,0
78259,38.9,26568.0,98399.0,5544.0,2731.0,795.0,598.0,420.0,26413.0,220.0,78259,4.0,0.15055706112616682,0
78260,39.4,35972.0,136602.0,8195.0,3680.0,1985.0,733.0,690.0,35839.0,60.0,,0.0,0.0,1
78261,37.2,25729.0,127813.0,5361.0,3378.0,803.0,657.0,395.0,25682.0,69.0,78261,2.0,0.0777332970577947,0
78263,41.4,5642.0,91224.0,720.0,114.0,607.0,54.0,82.0,5628.0,4.0,,0.0,0.0,1
78264,35.4,12545.0,48870.0,602.0,161.0,3211.0,416.0,535.0,12545.0,19.0,,0.0,0.0,1
78266,47.7,6913.0,132024.0,1559.0,981.0,222.0,106.0,54.0,6808.0,38.0,78266,1.0,0.14465499783017505,0
78330,41.4,489.0,53077.0,31.0,19.0,31.0,24.0,263.0,489.0,6.0,,0.0,0.0,1
78332,35.0,27003.0,44499.0,1629.0,421.0,7102.0,483.0,975.0,26704.0,755.0,78332,27.0,0.9998889012331964,0
78336,41.9,11774.0,57699.0,855.0,259.0,2320.0,215.0,517.0,11652.0,347.0,78336,3.0,0.25479870901987434,0
78340,53.4,396.0,52857.0,32.0,18.0,39.0,4.0,2.0,396.0,21.0,,0.0,0.0,1
78341,26.5,1508.0,55469.0,37.0,24.0,354.0,17.0,30.0,1508.0,36.0,78341,1.0,0.6631299734748011,0
78342,51.3,363.0,50125.0,25.0,259.0,66.0,226.0,263.0,363.0,149.0,,0.0,0.0,1
78343,43.8,4554.0,56150.0,480.0,154.0,782.0,127.0,31.0,4554.0,58.0,,0.0,0.0,1
78344,48.2,488.0,80583.0,9.0,259.0,53.0,226.0,18.0,488.0,149.0,,0.0,0.0,1
78349,28.4,568.0,33750.0,13.0,259.0,362.0,1.0,3.0,568.0,21.0,,0.0,0.0,1
78351,20.7,652.0,35697.0,20.0,12.0,308.0,226.0,263.0,652.0,7.0,,0.0,0.0,1
78353,55.9,381.0,36477.0,93.0,12.0,61.0,24.0,34.0,381.0,36.0,,0.0,0.0,1
78355,38.0,7080.0,30874.0,633.0,233.0,2215.0,64.0,302.0,6572.0,381.0,78355,4.0,0.5649717514124294,0
78357,31.7,2817.0,61875.0,116.0,153.0,349.0,80.0,1.0,2817.0,48.0,78357,1.0,0.35498757543485976,0
78358,62.8,832.0,45859.0,81.0,78.0,73.0,226.0,5.0,832.0,149.0,,0.0,0.0,1
78359,32.4,2122.0,34691.0,68.0,10.0,684.0,68.0,46.0,2121.0,78.0,,0.0,0.0,1
78361,25.2,4830.0,42292.0,209.0,82.0,1364.0,99.0,228.0,4786.0,66.0,78361,4.0,0.8281573498964804,0
78362,37.9,10737.0,75384.0,879.0,332.0,777.0,106.0,355.0,10601.0,165.0,,0.0,0.0,1
78363,28.1,29246.0,51908.0,2395.0,1032.0,8740.0,990.0,527.0,28620.0,707.0,78363,8.0,0.27354168091362924,0
78368,41.8,8989.0,40153.0,453.0,207.0,1798.0,212.0,246.0,8907.0,449.0,78368,2.0,0.2224941595283124,0
78370,36.4,5350.0,61350.0,332.0,194.0,931.0,143.0,26.0,5350.0,86.0,,0.0,0.0,1
78371,48.6,130.0,39063.0,703.0,259.0,14.0,6.0,263.0,130.0,7.0,,0.0,0.0,1
78372,37.2,4999.0,52083.0,294.0,105.0,880.0,84.0,158.0,4999.0,71.0,,0.0,0.0,1
78373,57.4,3242.0,80250.0,635.0,215.0,202.0,226.0,53.0,3242.0,95.0,,0.0,0.0,1
78374,34.1,20037.0,82791.0,2352.0,935.0,1926.0,301.0,462.0,19903.0,260.0,78374,2.0,0.09981534161800669,0
78375,27.2,3238.0,46529.0,180.0,45.0,340.0,235.0,261.0,3207.0,23.0,78375,1.0,0.30883261272390367,0
78376,49.6,258.0,61346.0,10.0,1.0,29.0,226.0,263.0,258.0,149.0,,0.0,0.0,1
78377,39.9,3296.0,45884.0,100.0,33.0,841.0,29.0,87.0,3140.0,149.0,78377,3.0,0.9101941747572816,0
78379,50.4,1597.0,66019.0,157.0,74.0,145.0,67.0,34.0,1597.0,14.0,,0.0,0.0,1
78380,40.7,24055.0,57188.0,1226.0,535.0,4087.0,811.0,642.0,23874.0,500.0,78380,8.0,0.33257119102057786,0
78382,51.1,19425.0,59131.0,2797.0,1110.0,2978.0,366.0,562.0,19140.0,414.0,78382,9.0,0.4633204633204633,0
78383,43.7,4374.0,68996.0,940.0,179.0,778.0,29.0,61.0,4374.0,260.0,,0.0,0.0,1
78384,36.0,5510.0,44324.0,197.0,32.0,1080.0,236.0,59.0,4920.0,191.0,78384,5.0,0.9074410163339383,0
78385,39.9,116.0,45455.0,5.0,2.0,3.0,226.0,263.0,116.0,149.0,,0.0,0.0,1
78387,35.9,9148.0,47951.0,305.0,298.0,2585.0,223.0,54.0,8864.0,220.0,78387,2.0,0.2186270222999563,0
78389,37.2,2097.0,41295.0,69.0,225.0,258.0,17.0,18.0,2097.0,14.0,,0.0,0.0,1
78390,35.3,5737.0,62500.0,287.0,70.0,986.0,120.0,104.0,5727.0,162.0,,0.0,0.0,1
78391,38.5,150.0,67857.0,703.0,259.0,965.0,9.0,263.0,150.0,149.0,,0.0,0.0,1
78393,43.0,1966.0,57440.0,168.0,39.0,123.0,39.0,40.0,1966.0,34.0,,0.0,0.0,1
78401,48.3,4583.0,29968.0,368.0,129.0,1079.0,57.0,140.0,3141.0,593.0,78401,7.0,1.5273838097316168,0
78402,37.8,308.0,52560.0,95.0,7.0,49.0,226.0,263.0,308.0,40.0,,0.0,0.0,1
78404,42.9,14873.0,56488.0,1418.0,553.0,2650.0,383.0,558.0,14556.0,812.0,78404,20.0,1.3447186176292611,0
78405,36.4,14901.0,34063.0,247.0,56.0,5015.0,131.0,426.0,14648.0,714.0,78405,9.0,0.6039863096436481,0
78406,34.0,2240.0,49653.0,29.0,13.0,138.0,21.0,29.0,1519.0,6.0,,0.0,0.0,1
78407,42.0,1796.0,50933.0,81.0,9.0,259.0,30.0,60.0,1796.0,69.0,,0.0,0.0,1
78408,37.1,10104.0,40910.0,407.0,146.0,2157.0,119.0,294.0,10025.0,486.0,78408,2.0,0.19794140934283452,0
78409,34.5,2424.0,62926.0,128.0,77.0,293.0,16.0,151.0,2424.0,29.0,78409,1.0,0.41254125412541254,0
78410,33.0,28167.0,82467.0,2793.0,640.0,3324.0,629.0,610.0,28047.0,424.0,78410,11.0,0.3905279227464764,0
78411,38.9,23492.0,58667.0,2060.0,1532.0,5433.0,573.0,429.0,23299.0,496.0,78411,39.0,1.6601396219989784,0
78412,29.9,40398.0,57503.0,4708.0,1653.0,7960.0,1360.0,864.0,40025.0,583.0,78412,5.0,0.123768503391257,0
78413,35.3,35750.0,72849.0,4451.0,1788.0,4388.0,1012.0,767.0,35464.0,627.0,78413,13.0,0.3636363636363636,0
78414,33.4,48891.0,95423.0,6996.0,3091.0,3457.0,776.0,388.0,47712.0,602.0,78414,16.0,0.3272585956515514,0
78415,34.6,42831.0,51970.0,1954.0,748.0,10088.0,1999.0,1083.0,42677.0,1410.0,78415,4.0,0.09339030141719783,0
78416,40.3,13865.0,44320.0,536.0,76.0,2798.0,502.0,73.0,13865.0,433.0,,0.0,0.0,1
78417,38.6,4542.0,56325.0,180.0,63.0,469.0,254.0,242.0,4542.0,48.0,78417,2.0,0.44033465433729635,0
78418,42.5,29626.0,89769.0,4336.0,1721.0,4163.0,783.0,476.0,29140.0,967.0,78418,1.0,0.033754134881522985,0
78419,24.5,553.0,77750.0,29.0,13.0,33.0,10.0,263.0,473.0,4.0,,0.0,0.0,1
78501,35.9,59954.0,47809.0,7343.0,2152.0,15236.0,1406.0,2091.0,59324.0,1764.0,78501,59.0,0.9840878006471627,0
78503,30.9,21799.0,44879.0,2157.0,701.0,6801.0,444.0,1841.0,21477.0,324.0,78503,21.0,0.9633469425202992,0
78504,31.1,60999.0,71648.0,8729.0,3431.0,7628.0,1929.0,2613.0,60977.0,712.0,78504,50.0,0.819685568615879,0
78516,30.5,34469.0,50282.0,1890.0,415.0,8533.0,1275.0,1808.0,34453.0,366.0,78516,7.0,0.20308102933070296,0
78520,31.8,62344.0,45093.0,5437.0,1753.0,16827.0,1554.0,3342.0,61677.0,2286.0,78520,27.0,0.43308097010137303,0
78521,30.9,87040.0,38633.0,5396.0,1166.0,27205.0,2672.0,4137.0,86765.0,2074.0,78521,22.0,0.2527573529411765,0
78526,28.8,59547.0,66339.0,6865.0,2295.0,10321.0,1680.0,2239.0,59292.0,549.0,78526,14.0,0.2351084017666717,0
78535,45.2,633.0,37838.0,23.0,7.0,148.0,15.0,263.0,633.0,15.0,78535,1.0,1.5797788309636651,0
78536,37.5,404.0,41136.0,20.0,7.0,126.0,25.0,263.0,404.0,8.0,,0.0,0.0,1
78537,26.1,51034.0,35214.0,1972.0,646.0,20001.0,1602.0,1676.0,50919.0,755.0,78537,12.0,0.23513735940745387,0
78538,33.1,10091.0,41081.0,475.0,123.0,3415.0,403.0,216.0,10052.0,148.0,78538,2.0,0.19819641264493112,0
78539,34.8,37182.0,60202.0,5265.0,2140.0,8762.0,1069.0,1899.0,36764.0,618.0,78539,53.0,1.4254209025872733,0
78541,27.0,48558.0,45738.0,4492.0,1461.0,15009.0,1539.0,1379.0,48426.0,623.0,78541,5.0,0.10296964454878701,0
78542,27.0,83925.0,51979.0,4592.0,1136.0,24115.0,3048.0,5335.0,80166.0,853.0,78542,8.0,0.0953232052427763,0
78543,36.0,8614.0,46624.0,209.0,176.0,1565.0,67.0,446.0,8614.0,123.0,78543,2.0,0.23218017181332715,0
78545,45.3,444.0,21875.0,703.0,22.0,112.0,16.0,16.0,444.0,149.0,,0.0,0.0,1
78547,22.3,358.0,11125.0,39.0,259.0,181.0,226.0,39.0,358.0,149.0,,0.0,0.0,1
78548,33.0,1384.0,39306.0,16.0,259.0,342.0,46.0,51.0,1384.0,73.0,78548,1.0,0.722543352601156,0
78550,33.1,54441.0,46341.0,4719.0,1624.0,14289.0,1113.0,2837.0,54021.0,1553.0,78550,61.0,1.1204790507154534,0
78552,34.2,40824.0,62235.0,3480.0,1266.0,8090.0,883.0,1664.0,40778.0,588.0,78552,6.0,0.14697236919459142,0
78557,28.8,14075.0,45919.0,1488.0,136.0,3778.0,516.0,876.0,14075.0,126.0,,0.0,0.0,1
78559,31.0,12973.0,42861.0,711.0,319.0,3475.0,273.0,222.0,12973.0,270.0,78559,4.0,0.3083326909735605,0
78560,30.6,4500.0,51637.0,411.0,254.0,930.0,138.0,207.0,4500.0,8.0,78560,3.0,0.6666666666666666,0
78561,35.9,900.0,26339.0,14.0,45.0,265.0,63.0,45.0,900.0,12.0,,0.0,0.0,1
78562,31.8,3157.0,58846.0,176.0,18.0,474.0,19.0,44.0,2041.0,77.0,,0.0,0.0,1
78563,64.1,62.0,65476.0,4.0,259.0,7.0,4.0,263.0,62.0,149.0,,0.0,0.0,1
78566,32.4,24232.0,55121.0,1857.0,554.0,6589.0,643.0,2067.0,24212.0,367.0,78566,1.0,0.041267745130406076,0
78567,26.9,484.0,36250.0,11.0,259.0,85.0,43.0,9.0,483.0,9.0,,0.0,0.0,1
78569,40.6,4133.0,53150.0,364.0,67.0,549.0,82.0,68.0,4133.0,111.0,,0.0,0.0,1
78570,27.7,35043.0,38396.0,1409.0,869.0,12064.0,1595.0,1359.0,35022.0,631.0,78570,9.0,0.25682732642753187,0
78572,37.8,76753.0,50562.0,8000.0,2943.0,17576.0,2439.0,3777.0,76550.0,1775.0,78572,53.0,0.6905267546545413,0
78573,27.7,43555.0,47038.0,2405.0,675.0,10646.0,1930.0,3637.0,43533.0,712.0,78573,5.0,0.11479738261967627,0
78574,27.7,63165.0,45379.0,4005.0,1061.0,20800.0,2753.0,4877.0,63143.0,704.0,78574,3.0,0.04749465685110425,0
78575,38.4,4649.0,69971.0,858.0,297.0,724.0,45.0,325.0,4649.0,26.0,78575,5.0,1.0755001075500108,0
78576,19.6,13466.0,39956.0,205.0,69.0,6306.0,186.0,1374.0,13466.0,98.0,78576,3.0,0.22278330610426259,0
78577,29.4,79496.0,44871.0,5656.0,1936.0,24114.0,2022.0,5125.0,79394.0,1590.0,78577,29.0,0.36479822884170277,0
78578,44.1,10540.0,49396.0,960.0,432.0,2540.0,67.0,1148.0,10540.0,134.0,78578,1.0,0.09487666034155598,0
78579,28.5,3063.0,27941.0,88.0,153.0,2189.0,104.0,181.0,3063.0,149.0,,0.0,0.0,1
78580,31.4,13344.0,44362.0,507.0,168.0,3302.0,563.0,519.0,12099.0,128.0,78580,4.0,0.29976019184652275,0
78582,28.0,44988.0,40221.0,2174.0,673.0,14372.0,2169.0,3562.0,44463.0,1162.0,78582,16.0,0.35565039566106516,0
78583,41.6,6384.0,59217.0,540.0,77.0,1059.0,47.0,184.0,6384.0,169.0,78583,4.0,0.6265664160401002,0
78584,29.3,17721.0,29398.0,1063.0,329.0,6622.0,856.0,1074.0,17721.0,734.0,78584,3.0,0.16929067208396817,0
78586,30.2,49504.0,42515.0,2229.0,843.0,12586.0,829.0,2503.0,49340.0,813.0,78586,9.0,0.18180349062702003,0
78589,29.5,40115.0,50099.0,2310.0,699.0,10088.0,1301.0,2092.0,39917.0,551.0,78589,5.0,0.12464165524118162,0
78590,27.6,711.0,32857.0,37.0,3.0,358.0,17.0,57.0,711.0,5.0,,0.0,0.0,1
78592,48.3,587.0,30156.0,7.0,259.0,206.0,226.0,263.0,587.0,20.0,,0.0,0.0,1
78593,30.1,5015.0,34773.0,108.0,66.0,1700.0,296.0,242.0,5006.0,145.0,,0.0,0.0,1
78594,46.7,1398.0,23258.0,54.0,259.0,540.0,41.0,84.0,1398.0,47.0,78594,1.0,0.7153075822603719,0
78595,33.1,6128.0,46125.0,140.0,67.0,1564.0,195.0,995.0,6128.0,173.0,78595,1.0,0.16318537859007834,0
78596,32.8,36545.0,53097.0,3420.0,1112.0,7829.0,1001.0,2029.0,36096.0,1193.0,78596,53.0,1.4502667943631138,0
78597,58.5,2386.0,62557.0,605.0,259.0,338.0,48.0,263.0,2386.0,51.0,,0.0,0.0,1
78598,67.2,108.0,23523.0,26.0,18.0,18.0,226.0,9.0,108.0,149.0,,0.0,0.0,1
78599,26.6,35999.0,56566.0,2534.0,605.0,8954.0,1101.0,2499.0,35932.0,415.0,78599,1.0,0.027778549404150116,0
78602,39.4,34978.0,82500.0,4242.0,1444.0,3421.0,469.0,1301.0,32905.0,468.0,78602,14.0,0.40025158671164734,0
78605,39.0,7463.0,79092.0,526.0,166.0,570.0,101.0,166.0,7383.0,91.0,78605,4.0,0.5359774889454643,0
78606,46.6,6942.0,89688.0,1248.0,275.0,557.0,109.0,260.0,6909.0,16.0,78606,1.0,0.14405070584845867,0
78607,48.8,208.0,54531.0,26.0,259.0,13.0,5.0,11.0,208.0,5.0,,0.0,0.0,1
78608,65.3,298.0,90500.0,18.0,259.0,34.0,226.0,263.0,298.0,14.0,,0.0,0.0,1
78609,63.2,1880.0,67578.0,164.0,184.0,79.0,1.0,23.0,1880.0,27.0,,0.0,0.0,1
78610,35.8,44410.0,103562.0,8328.0,2719.0,3103.0,723.0,837.0,44338.0,277.0,78610,4.0,0.09006980409817608,0
78611,48.5,13815.0,74098.0,1932.0,587.0,1026.0,205.0,212.0,13168.0,235.0,78611,5.0,0.3619254433586681,0
78612,31.1,19354.0,81275.0,1647.0,386.0,3111.0,416.0,981.0,19354.0,132.0,,0.0,0.0,1
78613,37.4,88189.0,116893.0,21534.0,7704.0,5020.0,2004.0,1535.0,87836.0,943.0,78613,22.0,0.24946421889351283,0
78614,60.2,302.0,58553.0,83.0,22.0,6.0,226.0,7.0,302.0,149.0,,0.0,0.0,1
78615,30.3,1781.0,73462.0,119.0,97.0,95.0,27.0,263.0,1781.0,4.0,,0.0,0.0,1
78616,33.8,8821.0,68191.0,559.0,144.0,1066.0,111.0,1002.0,8821.0,52.0,,0.0,0.0,1
78617,33.5,29244.0,74773.0,2006.0,484.0,2736.0,1068.0,1752.0,27008.0,147.0,,0.0,0.0,1
78618,65.4,310.0,84688.0,45.0,22.0,32.0,226.0,4.0,310.0,1.0,,0.0,0.0,1
78619,44.6,6067.0,171398.0,1521.0,467.0,100.0,175.0,39.0,6053.0,149.0,,0.0,0.0,1
78620,41.7,19893.0,138639.0,5516.0,1975.0,990.0,277.0,207.0,19743.0,21.0,78620,2.0,0.1005378776454029,0
78621,38.2,26133.0,92103.0,2485.0,1046.0,2373.0,598.0,891.0,26006.0,194.0,78621,6.0,0.22959476523935254,0
78622,40.6,353.0,64583.0,65.0,7.0,45.0,226.0,17.0,353.0,23.0,,0.0,0.0,1
78623,62.9,1094.0,100000.0,229.0,176.0,49.0,13.0,9.0,1094.0,149.0,,0.0,0.0,1
78624,49.8,23538.0,71082.0,3984.0,1680.0,1910.0,391.0,1127.0,23215.0,586.0,78624,13.0,0.5522984110799558,0
78626,33.9,40758.0,94927.0,5573.0,2824.0,3893.0,1164.0,611.0,39687.0,321.0,78626,9.0,0.22081554541439719,0
78628,40.2,41428.0,111491.0,9473.0,4027.0,2285.0,1093.0,377.0,41193.0,658.0,78628,9.0,0.2172443757844936,0
78629,35.5,12054.0,64807.0,762.0,239.0,1796.0,3.0,323.0,11765.0,395.0,78629,8.0,0.663680106188817,0
78631,46.5,2818.0,66875.0,209.0,229.0,305.0,72.0,189.0,2818.0,24.0,,0.0,0.0,1
78632,42.6,1188.0,63173.0,25.0,4.0,117.0,226.0,263.0,1188.0,57.0,,0.0,0.0,1
78633,67.9,27292.0,95510.0,8058.0,3885.0,1097.0,321.0,173.0,27235.0,276.0,78633,1.0,0.03664077385314378,0
78634,36.5,41099.0,105023.0,6883.0,1965.0,3076.0,1255.0,660.0,40975.0,99.0,78634,2.0,0.04866298450083944,0
78636,52.5,3582.0,65313.0,730.0,118.0,374.0,40.0,30.0,3508.0,70.0,78636,1.0,0.27917364600781686,0
78638,40.5,1982.0,60000.0,209.0,66.0,229.0,24.0,263.0,1982.0,94.0,,0.0,0.0,1
78639,53.8,8274.0,55870.0,1139.0,286.0,1405.0,233.0,240.0,8172.0,169.0,78639,1.0,0.12086052695189752,0
78640,33.0,68265.0,83735.0,7689.0,3156.0,6522.0,1341.0,2612.0,67588.0,377.0,78640,10.0,0.14648795136600012,0
78641,36.4,87106.0,124614.0,17429.0,7576.0,3626.0,1800.0,1964.0,86979.0,425.0,78641,5.0,0.05740132711868299,0
78642,36.2,20699.0,117490.0,4015.0,1167.0,720.0,701.0,499.0,20623.0,165.0,,0.0,0.0,1
78643,52.4,6811.0,64451.0,1220.0,261.0,604.0,174.0,51.0,6706.0,96.0,78643,3.0,0.4404639553663192,0
78644,38.7,20088.0,70496.0,1874.0,602.0,2409.0,82.0,407.0,18311.0,208.0,78644,7.0,0.34846674631620866,0
78645,53.0,14344.0,107736.0,2932.0,1221.0,632.0,310.0,427.0,14321.0,178.0,,0.0,0.0,1
78648,48.8,8250.0,55406.0,493.0,233.0,738.0,241.0,143.0,8055.0,342.0,78648,3.0,0.3636363636363636,0
78650,40.4,2807.0,62125.0,144.0,66.0,430.0,113.0,56.0,2807.0,50.0,,0.0,0.0,1
78652,39.9,5199.0,126333.0,991.0,386.0,617.0,89.0,386.0,5107.0,20.0,78652,1.0,0.19234468166955182,0
78653,31.7,32884.0,95651.0,3882.0,1666.0,3547.0,924.0,926.0,32884.0,85.0,78653,1.0,0.030409925799781048,0
78654,42.1,19379.0,65503.0,3156.0,1169.0,1613.0,459.0,362.0,19315.0,223.0,78654,8.0,0.4128179988647505,0
78655,46.6,3671.0,53750.0,402.0,77.0,466.0,199.0,192.0,3671.0,5.0,,0.0,0.0,1
78656,32.3,2631.0,56923.0,108.0,22.0,497.0,29.0,73.0,2630.0,50.0,,0.0,0.0,1
78657,59.8,6958.0,81518.0,1779.0,301.0,343.0,86.0,234.0,6958.0,26.0,78657,2.0,0.2874389192296637,0
78659,48.4,2782.0,82635.0,554.0,81.0,25.0,50.0,66.0,2782.0,23.0,,0.0,0.0,1
78660,34.8,113386.0,105874.0,20749.0,7713.0,7081.0,2301.0,1981.0,112927.0,1045.0,78660,11.0,0.09701374067345174,0
78662,46.2,3035.0,67756.0,122.0,48.0,113.0,102.0,26.0,3035.0,149.0,,0.0,0.0,1
78663,57.9,599.0,150593.0,106.0,6.0,13.0,71.0,263.0,599.0,149.0,,0.0,0.0,1
78664,34.5,62168.0,83599.0,9105.0,3355.0,6237.0,1584.0,1523.0,61899.0,613.0,78664,15.0,0.24128168832840047,0
78665,35.4,61640.0,113365.0,12566.0,6324.0,2925.0,1292.0,981.0,61426.0,378.0,78665,14.0,0.22712524334847503,0
78666,26.5,86530.0,52432.0,9488.0,4384.0,19542.0,3136.0,1396.0,85427.0,1633.0,78666,23.0,0.26580376747948686,0
78669,47.8,10802.0,125600.0,3056.0,831.0,774.0,128.0,212.0,10802.0,28.0,,0.0,0.0,1
78670,44.5,156.0,82589.0,24.0,9.0,1.0,10.0,263.0,156.0,149.0,,0.0,0.0,1
78671,56.3,755.0,32093.0,56.0,35.0,65.0,226.0,24.0,753.0,149.0,,0.0,0.0,1
78672,70.5,687.0,46033.0,57.0,259.0,177.0,19.0,263.0,687.0,149.0,,0.0,0.0,1
78674,35.4,233.0,89500.0,703.0,259.0,24.0,226.0,8.0,233.0,6.0,,0.0,0.0,1
78675,60.9,96.0,33068.0,14.0,259.0,60.0,19.0,263.0,96.0,149.0,,0.0,0.0,1
78676,49.0,15321.0,86122.0,3605.0,1532.0,2055.0,804.0,424.0,15229.0,138.0,78676,3.0,0.19580967299784607,0
78681,39.4,57760.0,123948.0,13318.0,5866.0,2764.0,1017.0,779.0,57458.0,617.0,78681,13.0,0.22506925207756232,0
78701,41.5,10659.0,148049.0,4624.0,2259.0,1472.0,97.0,24.0,10659.0,851.0,,0.0,0.0,1
78702,34.5,25723.0,87342.0,7082.0,3320.0,5218.0,667.0,100.0,25636.0,2297.0,78702,1.0,0.038875714341251026,0
78703,39.8,22669.0,139617.0,8806.0,4076.0,1259.0,731.0,18.0,22636.0,328.0,,0.0,0.0,1
78704,33.7,50250.0,89258.0,16661.0,5834.0,5857.0,1651.0,488.0,49986.0,2447.0,78704,13.0,0.25870646766169153,0
78705,21.1,32644.0,24126.0,2913.0,1335.0,10869.0,1591.0,683.0,32445.0,1812.0,78705,8.0,0.24506800637176818,0
78717,36.3,34499.0,136960.0,8512.0,5072.0,1504.0,717.0,333.0,34490.0,437.0,78717,5.0,0.14493173715180152,0
78719,46.0,1511.0,53712.0,54.0,4.0,145.0,4.0,88.0,1511.0,33.0,,0.0,0.0,1
78721,33.8,10445.0,80573.0,2532.0,1017.0,1910.0,196.0,494.0,10429.0,472.0,78721,1.0,0.09573958831977022,0
78722,34.8,6308.0,92543.0,2169.0,892.0,774.0,349.0,11.0,6083.0,149.0,78722,2.0,0.31705770450221943,0
78723,35.3,37000.0,81986.0,8086.0,3908.0,5303.0,904.0,1717.0,36820.0,1438.0,78723,8.0,0.2162162162162162,0
78724,31.3,28331.0,69925.0,2449.0,887.0,4395.0,888.0,1007.0,27184.0,418.0,78724,1.0,0.03529702446083795,0
78725,38.5,9896.0,94603.0,1875.0,875.0,414.0,78.0,285.0,9896.0,25.0,,0.0,0.0,1
78726,36.0,13696.0,96352.0,4046.0,2093.0,1343.0,283.0,8.0,13696.0,118.0,,0.0,0.0,1
78727,35.3,30601.0,104347.0,8041.0,5676.0,1804.0,1049.0,389.0,30468.0,462.0,78727,8.0,0.2614293650534296,0
78728,33.8,27111.0,70092.0,5852.0,2552.0,4135.0,561.0,468.0,27078.0,779.0,78728,3.0,0.11065619121389841,0
78729,34.7,31309.0,78889.0,9103.0,3966.0,2111.0,789.0,422.0,31292.0,396.0,,0.0,0.0,1
78730,44.4,9746.0,141794.0,2760.0,1876.0,415.0,95.0,263.0,9670.0,152.0,,0.0,0.0,1
78731,40.4,26314.0,98555.0,7754.0,4956.0,2064.0,528.0,182.0,26191.0,903.0,78731,26.0,0.9880671885688227,0
78732,38.3,19311.0,187286.0,4434.0,3436.0,449.0,288.0,51.0,19270.0,438.0,78732,1.0,0.05178395733001916,0
78733,43.3,9014.0,193786.0,2410.0,1590.0,160.0,147.0,272.0,9014.0,38.0,,0.0,0.0,1
78734,50.1,21685.0,125074.0,6305.0,2319.0,1284.0,405.0,299.0,21573.0,171.0,78734,4.0,0.18445930366612867,0
78735,37.7,19793.0,118593.0,6146.0,2890.0,1822.0,572.0,254.0,19607.0,219.0,78735,5.0,0.252614560703279,0
78736,43.1,9352.0,96385.0,2465.0,749.0,647.0,392.0,263.0,9254.0,14.0,78736,1.0,0.10692899914456801,0
78737,36.9,24951.0,151635.0,6003.0,2489.0,1588.0,682.0,478.0,24948.0,228.0,78737,1.0,0.040078553965772916,0
78738,42.4,28613.0,158194.0,9035.0,3913.0,1366.0,230.0,129.0,28591.0,289.0,78738,4.0,0.13979659595288854,0
78739,40.1,19907.0,205821.0,5302.0,3374.0,541.0,161.0,130.0,19893.0,149.0,,0.0,0.0,1
78741,29.8,45780.0,59049.0,10637.0,2375.0,11046.0,1336.0,1398.0,45697.0,2048.0,78741,3.0,0.0655307994757536,0
78742,25.4,1241.0,67500.0,64.0,8.0,90.0,2.0,130.0,1241.0,24.0,,0.0,0.0,1
78744,32.2,49452.0,74702.0,7253.0,1929.0,5615.0,1678.0,1529.0,49444.0,913.0,78744,5.0,0.10110814527218312,0
78745,37.5,61322.0,80437.0,17212.0,5293.0,6380.0,1020.0,1100.0,61133.0,1494.0,78745,18.0,0.29353250057075764,0
78746,42.1,28329.0,174367.0,8546.0,4366.0,1382.0,475.0,102.0,28141.0,229.0,78746,5.0,0.17649758198312682,0
78747,36.2,21253.0,90704.0,4005.0,1552.0,1583.0,1171.0,684.0,21231.0,110.0,78747,1.0,0.04705218086858325,0
78748,36.0,53550.0,94143.0,14910.0,4640.0,4573.0,1170.0,673.0,53269.0,490.0,78748,12.0,0.22408963585434175,0
78749,42.2,34714.0,118174.0,10225.0,5503.0,1767.0,1007.0,253.0,34605.0,452.0,78749,5.0,0.1440341072766031,0
78750,39.8,28564.0,118186.0,8369.0,3362.0,1168.0,699.0,212.0,28448.0,137.0,78750,5.0,0.1750455118330766,0
78751,30.2,16326.0,75972.0,5531.0,3055.0,2312.0,426.0,48.0,16255.0,1023.0,78751,1.0,0.061251990689697416,0
78752,32.4,22599.0,62931.0,4193.0,1651.0,3874.0,897.0,345.0,22567.0,1254.0,78752,13.0,0.5752466923315191,0
78753,32.0,59951.0,60045.0,9433.0,3123.0,10427.0,1451.0,1826.0,59647.0,1519.0,78753,7.0,0.11676202231822655,0
78754,34.1,31110.0,88382.0,4869.0,2684.0,4970.0,339.0,1027.0,31110.0,494.0,78754,11.0,0.35358405657344905,0
78756,35.5,9816.0,97264.0,2635.0,1476.0,1114.0,220.0,22.0,9546.0,635.0,78756,1.0,0.10187449062754686,0
78757,38.1,25183.0,96667.0,7425.0,3308.0,2221.0,618.0,88.0,25062.0,518.0,78757,10.0,0.3970932772108168,0
78758,32.3,51185.0,68322.0,9658.0,4988.0,11634.0,1449.0,2192.0,50755.0,1996.0,78758,18.0,0.35166552700986614,0
78759,38.0,45400.0,97688.0,13620.0,6984.0,2277.0,1487.0,139.0,45005.0,878.0,78759,22.0,0.4845814977973568,0
78801,32.2,21248.0,54375.0,1788.0,490.0,5278.0,272.0,874.0,20715.0,505.0,78801,9.0,0.42356927710843373,0
78827,58.1,742.0,28438.0,25.0,6.0,195.0,36.0,29.0,742.0,44.0,,0.0,0.0,1
78828,68.5,83.0,66250.0,12.0,14.0,965.0,226.0,263.0,83.0,149.0,,0.0,0.0,1
78829,24.6,1124.0,35132.0,56.0,259.0,566.0,15.0,263.0,1124.0,35.0,,0.0,0.0,1
78830,37.1,479.0,32188.0,8.0,19.0,199.0,23.0,2.0,479.0,149.0,,0.0,0.0,1
78832,47.5,3157.0,52386.0,174.0,148.0,459.0,26.0,263.0,2938.0,34.0,,0.0,0.0,1
78833,49.0,1261.0,38250.0,28.0,4.0,366.0,226.0,7.0,1176.0,37.0,78833,2.0,1.5860428231562251,0
78834,36.0,7386.0,26508.0,396.0,256.0,3332.0,58.0,46.0,7266.0,375.0,78834,3.0,0.4061738424045491,0
78836,42.4,65.0,67396.0,703.0,259.0,965.0,226.0,263.0,65.0,149.0,,0.0,0.0,1
78839,33.8,7415.0,57083.0,484.0,160.0,2169.0,188.0,48.0,7330.0,134.0,78839,2.0,0.26972353337828725,0
78840,31.9,47030.0,57201.0,3466.0,1702.0,7377.0,691.0,1913.0,44398.0,802.0,78840,13.0,0.2764193068254306,0
78850,39.0,827.0,75667.0,86.0,41.0,100.0,226.0,10.0,827.0,149.0,,0.0,0.0,1
78852,29.9,56745.0,48911.0,3846.0,1000.0,13340.0,1744.0,2870.0,56459.0,1401.0,78852,21.0,0.3700766587364525,0
78861,36.9,13131.0,60216.0,983.0,555.0,1738.0,151.0,225.0,11139.0,322.0,78861,6.0,0.4569339730408956,0
78870,39.7,1302.0,70411.0,148.0,30.0,175.0,26.0,263.0,1302.0,2.0,,0.0,0.0,1
78872,26.8,1161.0,38063.0,48.0,3.0,252.0,29.0,64.0,1161.0,149.0,,0.0,0.0,1
78873,56.3,1278.0,59091.0,203.0,70.0,270.0,226.0,23.0,1261.0,149.0,78873,1.0,0.7824726134585289,0
78877,49.5,1061.0,39785.0,703.0,16.0,133.0,226.0,263.0,1061.0,149.0,,0.0,0.0,1
78879,45.8,291.0,71250.0,75.0,7.0,965.0,226.0,10.0,291.0,149.0,,0.0,0.0,1
78880,40.0,1269.0,36563.0,95.0,20.0,306.0,226.0,20.0,1235.0,16.0,,0.0,0.0,1
78881,52.6,1415.0,34259.0,144.0,4.0,324.0,34.0,40.0,1415.0,101.0,,0.0,0.0,1
78883,70.2,267.0,72539.0,62.0,35.0,965.0,226.0,36.0,267.0,35.0,,0.0,0.0,1
78884,47.1,1068.0,73583.0,128.0,21.0,18.0,9.0,12.0,1068.0,149.0,,0.0,0.0,1
78885,62.8,100.0,78750.0,6.0,259.0,965.0,226.0,263.0,100.0,149.0,,0.0,0.0,1
78886,46.5,393.0,118125.0,13.0,8.0,965.0,226.0,35.0,393.0,149.0,,0.0,0.0,1
78932,58.8,486.0,68214.0,139.0,12.0,1.0,5.0,4.0,486.0,149.0,,0.0,0.0,1
78933,45.5,1120.0,68125.0,167.0,93.0,66.0,16.0,252.0,1120.0,149.0,,0.0,0.0,1
78934,47.5,6478.0,64375.0,733.0,226.0,466.0,101.0,273.0,6219.0,151.0,78934,4.0,0.6174745291756715,0
78938,39.4,221.0,62917.0,22.0,259.0,965.0,226.0,35.0,221.0,149.0,,0.0,0.0,1
78940,56.4,2071.0,86604.0,346.0,60.0,132.0,73.0,57.0,2071.0,26.0,,0.0,0.0,1
78941,45.2,3430.0,70588.0,288.0,57.0,320.0,12.0,9.0,3373.0,59.0,78941,1.0,0.2915451895043732,0
78942,41.4,9746.0,66184.0,1073.0,179.0,1745.0,153.0,272.0,9355.0,163.0,78942,7.0,0.7182433819002667,0
78944,58.7,676.0,119038.0,183.0,8.0,23.0,3.0,263.0,676.0,3.0,,0.0,0.0,1
78945,48.0,10718.0,70035.0,1609.0,378.0,1278.0,145.0,612.0,10551.0,252.0,78945,8.0,0.7464079119238665,0
78946,47.1,931.0,70458.0,46.0,5.0,164.0,40.0,263.0,931.0,6.0,,0.0,0.0,1
78947,40.7,4818.0,73984.0,223.0,207.0,288.0,15.0,55.0,4818.0,40.0,,0.0,0.0,1
78949,48.2,662.0,86410.0,92.0,15.0,49.0,32.0,263.0,662.0,149.0,,0.0,0.0,1
78950,46.7,2376.0,98391.0,412.0,53.0,65.0,226.0,263.0,2355.0,49.0,,0.0,0.0,1
78953,52.3,1145.0,84802.0,165.0,90.0,35.0,41.0,263.0,1145.0,149.0,,0.0,0.0,1
78954,55.8,1272.0,97857.0,260.0,110.0,58.0,17.0,17.0,1272.0,5.0,,0.0,0.0,1
78956,42.8,5067.0,65744.0,406.0,204.0,541.0,84.0,58.0,4867.0,89.0,78956,7.0,1.381488059996053,0
78957,39.9,9887.0,63732.0,1282.0,375.0,1131.0,171.0,189.0,9765.0,181.0,78957,2.0,0.2022858298776171,0
78959,48.4,1601.0,57610.0,51.0,67.0,208.0,28.0,61.0,1601.0,61.0,,0.0,0.0,1
78962,45.5,5202.0,71755.0,639.0,156.0,270.0,223.0,87.0,5135.0,80.0,78962,6.0,1.1534025374855825,0
78963,52.1,608.0,87105.0,123.0,24.0,9.0,226.0,8.0,608.0,8.0,78963,1.0,1.644736842105263,0
79001,48.0,210.0,128750.0,23.0,17.0,19.0,226.0,263.0,210.0,149.0,,0.0,0.0,1
79002,59.4,33.0,93750.0,703.0,259.0,5.0,226.0,263.0,33.0,149.0,,0.0,0.0,1
79003,39.8,132.0,86250.0,17.0,3.0,23.0,17.0,25.0,132.0,149.0,,0.0,0.0,1
79005,32.2,1669.0,67462.0,165.0,21.0,233.0,48.0,172.0,1632.0,29.0,79005,1.0,0.5991611743559018,0
79007,36.9,13928.0,58524.0,1096.0,394.0,1524.0,219.0,530.0,13857.0,204.0,79007,4.0,0.2871912693854107,0
79009,40.4,1627.0,40908.0,77.0,22.0,257.0,13.0,88.0,1627.0,23.0,,0.0,0.0,1
79010,16.1,423.0,97708.0,40.0,9.0,8.0,226.0,263.0,117.0,149.0,,0.0,0.0,1
79011,56.1,214.0,80125.0,37.0,11.0,48.0,17.0,263.0,214.0,149.0,,0.0,0.0,1
79013,30.0,3019.0,49013.0,703.0,12.0,379.0,41.0,289.0,3019.0,243.0,,0.0,0.0,1
79014,40.5,3195.0,67411.0,391.0,77.0,196.0,66.0,140.0,3146.0,48.0,79014,3.0,0.9389671361502347,0
79015,34.1,22659.0,86793.0,3586.0,1432.0,2613.0,263.0,169.0,22645.0,254.0,79015,1.0,0.04413257425305618,0
79018,45.2,399.0,54375.0,85.0,15.0,109.0,8.0,3.0,399.0,17.0,,0.0,0.0,1
79019,45.1,1800.0,70167.0,209.0,81.0,87.0,2.0,2.0,1736.0,149.0,79019,1.0,0.5555555555555556,0
79021,57.3,72.0,74375.0,6.0,5.0,965.0,226.0,263.0,72.0,149.0,,0.0,0.0,1
79022,36.2,10672.0,75880.0,945.0,210.0,705.0,97.0,681.0,9169.0,96.0,79022,4.0,0.3748125937031484,0
79024,46.4,339.0,68750.0,38.0,11.0,43.0,4.0,263.0,339.0,7.0,,0.0,0.0,1
79027,34.3,4720.0,63933.0,515.0,145.0,517.0,69.0,91.0,4638.0,49.0,79027,2.0,0.423728813559322,0
79029,29.8,15358.0,65101.0,718.0,361.0,2037.0,154.0,672.0,15211.0,251.0,79029,4.0,0.2604505795025394,0
79031,40.2,1263.0,50455.0,74.0,9.0,173.0,6.0,39.0,1263.0,41.0,,0.0,0.0,1
79032,34.1,114.0,48194.0,4.0,259.0,2.0,2.0,20.0,114.0,149.0,,0.0,0.0,1
79034,36.2,510.0,80625.0,81.0,13.0,26.0,2.0,28.0,510.0,4.0,,0.0,0.0,1
79035,38.4,5439.0,77938.0,490.0,180.0,422.0,73.0,465.0,5394.0,40.0,79035,3.0,0.5515719801434088,0
79036,40.3,5147.0,72963.0,332.0,74.0,285.0,164.0,67.0,5147.0,49.0,,0.0,0.0,1
79039,38.8,695.0,52269.0,69.0,16.0,86.0,226.0,9.0,695.0,149.0,,0.0,0.0,1
79040,33.0,2271.0,77933.0,372.0,84.0,138.0,29.0,110.0,2268.0,24.0,,0.0,0.0,1
79041,50.7,2612.0,55331.0,162.0,34.0,403.0,31.0,26.0,2549.0,66.0,79041,2.0,0.7656967840735069,0
79042,30.5,1103.0,56607.0,186.0,27.0,141.0,4.0,40.0,1103.0,12.0,,0.0,0.0,1
79043,32.6,1634.0,53018.0,60.0,259.0,308.0,41.0,118.0,1634.0,28.0,,0.0,0.0,1
79044,38.8,662.0,52366.0,20.0,85.0,63.0,3.0,29.0,662.0,149.0,,0.0,0.0,1
79045,31.6,18597.0,52124.0,924.0,213.0,2948.0,200.0,816.0,18405.0,200.0,79045,7.0,0.3764047964725493,0
79046,37.7,588.0,91875.0,80.0,31.0,105.0,32.0,44.0,588.0,9.0,,0.0,0.0,1
79052,35.1,1157.0,57646.0,140.0,36.0,217.0,19.0,74.0,1157.0,14.0,,0.0,0.0,1
79053,16.6,95.0,40000.0,22.0,259.0,965.0,226.0,25.0,95.0,149.0,,0.0,0.0,1
79054,31.3,551.0,68750.0,64.0,12.0,100.0,30.0,3.0,551.0,14.0,,0.0,0.0,1
79057,38.2,1167.0,66000.0,77.0,24.0,178.0,13.0,28.0,1123.0,12.0,79057,1.0,0.8568980291345331,0
79059,41.0,645.0,59375.0,56.0,15.0,112.0,2.0,4.0,645.0,25.0,,0.0,0.0,1
79061,54.4,328.0,81563.0,12.0,259.0,11.0,11.0,263.0,328.0,2.0,,0.0,0.0,1
79063,43.6,629.0,72708.0,79.0,19.0,4.0,4.0,13.0,629.0,149.0,,0.0,0.0,1
79064,36.6,2371.0,60625.0,145.0,30.0,310.0,47.0,148.0,2293.0,46.0,79064,1.0,0.42176296921130324,0
79065,36.7,19549.0,54351.0,1612.0,383.0,3012.0,473.0,626.0,17974.0,233.0,79065,6.0,0.3069210701314645,0
79068,42.4,3269.0,84310.0,424.0,215.0,188.0,35.0,76.0,3226.0,63.0,79068,1.0,0.3059039461609055,0
79070,32.6,9693.0,62077.0,717.0,263.0,1200.0,76.0,660.0,9619.0,121.0,79070,3.0,0.3095017022593624,0
79072,31.5,25747.0,49104.0,1225.0,662.0,4832.0,630.0,940.0,23852.0,309.0,79072,7.0,0.27187633510700276,0
79079,36.9,2409.0,50066.0,219.0,26.0,564.0,85.0,102.0,2409.0,104.0,79079,1.0,0.41511000415110005,0
79080,47.7,437.0,39286.0,25.0,1.0,92.0,2.0,263.0,437.0,1.0,,0.0,0.0,1
79081,35.4,3257.0,63333.0,452.0,54.0,294.0,81.0,150.0,3181.0,58.0,79081,4.0,1.2281240405280933,0
79083,34.7,1715.0,56250.0,140.0,41.0,229.0,29.0,263.0,1663.0,25.0,,0.0,0.0,1
79084,41.2,1402.0,53462.0,186.0,71.0,144.0,16.0,13.0,1368.0,7.0,79084,1.0,0.7132667617689016,0
79086,37.4,3420.0,56667.0,392.0,48.0,448.0,52.0,118.0,3420.0,43.0,,0.0,0.0,1
79087,36.2,838.0,63008.0,86.0,8.0,74.0,20.0,31.0,838.0,6.0,,0.0,0.0,1
79088,35.4,5355.0,32976.0,545.0,95.0,1574.0,123.0,273.0,4732.0,168.0,79088,2.0,0.37348272642390284,0
79092,41.4,1277.0,72829.0,104.0,32.0,163.0,13.0,22.0,1264.0,9.0,,0.0,0.0,1
79093,53.3,127.0,75147.0,11.0,8.0,965.0,226.0,263.0,127.0,149.0,,0.0,0.0,1
79095,38.1,2736.0,51395.0,329.0,44.0,604.0,27.0,302.0,2665.0,41.0,79095,3.0,1.0964912280701753,0
79096,40.6,2001.0,66037.0,232.0,53.0,264.0,39.0,125.0,1919.0,28.0,79096,2.0,0.9995002498750625,0
79097,40.5,1063.0,113125.0,83.0,44.0,75.0,17.0,79.0,1063.0,149.0,,0.0,0.0,1
79098,53.8,450.0,38105.0,36.0,259.0,63.0,226.0,6.0,450.0,5.0,,0.0,0.0,1
79101,51.1,2498.0,38291.0,359.0,55.0,555.0,47.0,28.0,2338.0,537.0,79101,3.0,1.2009607686148918,0
79102,36.4,8805.0,47878.0,853.0,113.0,1983.0,201.0,274.0,8805.0,337.0,79102,3.0,0.34071550255536626,0
79103,32.1,10961.0,53879.0,707.0,153.0,1690.0,177.0,135.0,10945.0,222.0,,0.0,0.0,1
79104,34.5,6253.0,45119.0,215.0,96.0,1381.0,117.0,183.0,6253.0,125.0,,0.0,0.0,1
79106,33.8,27992.0,50271.0,2755.0,1193.0,4527.0,432.0,777.0,27391.0,1190.0,79106,28.0,1.0002857959416975,0
79107,32.6,38441.0,38047.0,1441.0,192.0,10146.0,678.0,2116.0,33064.0,878.0,79107,3.0,0.07804167425405166,0
79108,40.4,11161.0,60115.0,845.0,110.0,1984.0,119.0,392.0,11161.0,263.0,,0.0,0.0,1
79109,37.7,42659.0,67831.0,6241.0,2309.0,5031.0,962.0,521.0,42397.0,949.0,79109,12.0,0.2813005461918939,0
79110,31.9,18844.0,63647.0,1335.0,359.0,2081.0,374.0,406.0,18774.0,77.0,79110,1.0,0.05306728932286139,0
79111,27.8,1854.0,67375.0,55.0,4.0,309.0,19.0,53.0,1520.0,149.0,,0.0,0.0,1
79118,36.6,26937.0,82990.0,3111.0,960.0,1758.0,285.0,498.0,26393.0,264.0,79118,2.0,0.07424731781564392,0
79119,36.3,22371.0,94044.0,4681.0,1852.0,923.0,181.0,41.0,22352.0,50.0,79119,4.0,0.17880291448750613,0
79121,46.3,5696.0,73375.0,1212.0,599.0,608.0,89.0,263.0,5686.0,62.0,79121,1.0,0.17556179775280897,0
79124,42.7,11207.0,101604.0,1670.0,670.0,483.0,110.0,230.0,11058.0,38.0,79124,11.0,0.9815294012670652,0
79201,32.6,6799.0,55938.0,502.0,99.0,802.0,270.0,84.0,5349.0,40.0,79201,5.0,0.7354022650389763,0
79220,36.6,212.0,45750.0,12.0,9.0,4.0,226.0,263.0,212.0,1.0,,0.0,0.0,1
79225,36.4,901.0,69659.0,42.0,36.0,76.0,12.0,20.0,901.0,5.0,,0.0,0.0,1
79226,39.1,2713.0,49318.0,163.0,73.0,321.0,226.0,65.0,2618.0,34.0,79226,4.0,1.474382602285293,0
79227,51.9,1125.0,42237.0,86.0,26.0,226.0,32.0,19.0,1085.0,25.0,79227,1.0,0.888888888888889,0
79229,57.2,255.0,42917.0,20.0,259.0,43.0,226.0,12.0,231.0,149.0,,0.0,0.0,1
79230,61.3,60.0,48393.0,13.0,13.0,13.0,2.0,2.0,60.0,149.0,,0.0,0.0,1
79234,42.5,106.0,78523.0,23.0,3.0,12.0,226.0,10.0,106.0,149.0,,0.0,0.0,1
79235,33.0,3152.0,48140.0,226.0,53.0,661.0,54.0,146.0,3152.0,171.0,,0.0,0.0,1
79236,35.8,189.0,59375.0,39.0,4.0,48.0,4.0,263.0,189.0,149.0,,0.0,0.0,1
79237,59.2,429.0,78194.0,37.0,24.0,32.0,226.0,20.0,429.0,149.0,,0.0,0.0,1
79239,74.7,104.0,31250.0,22.0,259.0,3.0,226.0,263.0,104.0,149.0,,0.0,0.0,1
79240,21.8,249.0,125625.0,14.0,259.0,965.0,226.0,20.0,249.0,10.0,,0.0,0.0,1
79241,43.9,2138.0,54125.0,200.0,51.0,292.0,42.0,64.0,2108.0,26.0,79241,3.0,1.403180542563143,0
79243,58.5,21.0,26786.0,7.0,259.0,965.0,226.0,263.0,21.0,2.0,,0.0,0.0,1
79244,41.1,789.0,71513.0,85.0,27.0,61.0,18.0,10.0,789.0,5.0,79244,1.0,1.2674271229404308,0
79245,44.6,2227.0,44095.0,181.0,62.0,448.0,83.0,58.0,2175.0,35.0,79245,1.0,0.44903457566232596,0
79248,35.6,1520.0,37500.0,116.0,66.0,412.0,31.0,11.0,1520.0,55.0,79248,1.0,0.6578947368421052,0
79250,45.3,1136.0,43438.0,85.0,27.0,202.0,13.0,10.0,1136.0,20.0,,0.0,0.0,1
79252,44.5,2702.0,59244.0,286.0,44.0,314.0,34.0,56.0,2693.0,49.0,79252,1.0,0.3700962250185048,0
79255,50.2,412.0,49583.0,54.0,13.0,81.0,9.0,5.0,412.0,9.0,,0.0,0.0,1
79256,59.2,288.0,36382.0,32.0,11.0,43.0,226.0,263.0,288.0,6.0,,0.0,0.0,1
79257,49.5,854.0,32800.0,37.0,18.0,208.0,8.0,263.0,854.0,14.0,,0.0,0.0,1
79261,35.1,381.0,57188.0,37.0,7.0,51.0,7.0,6.0,381.0,3.0,,0.0,0.0,1
79311,38.1,3705.0,63958.0,355.0,176.0,278.0,24.0,135.0,3705.0,32.0,79311,1.0,0.2699055330634278,0
79312,37.6,1176.0,53646.0,50.0,6.0,473.0,5.0,63.0,1143.0,8.0,79312,1.0,0.8503401360544217,0
79313,39.4,1451.0,57619.0,99.0,39.0,312.0,27.0,25.0,1451.0,39.0,,0.0,0.0,1
79316,35.7,10109.0,41698.0,506.0,66.0,2241.0,234.0,313.0,9323.0,295.0,79316,4.0,0.3956870115738451,0
79322,39.4,1877.0,49432.0,145.0,28.0,464.0,50.0,52.0,1822.0,46.0,79322,3.0,1.5982951518380393,0
79323,28.3,7275.0,71723.0,246.0,259.0,882.0,101.0,405.0,7251.0,53.0,79323,4.0,0.549828178694158,0
79325,31.5,2374.0,74875.0,237.0,57.0,221.0,17.0,207.0,2327.0,149.0,79325,1.0,0.42122999157540014,0
79329,37.7,3306.0,69725.0,384.0,144.0,285.0,47.0,44.0,3306.0,55.0,79329,1.0,0.3024803387779795,0
79330,54.5,60.0,121429.0,8.0,259.0,965.0,226.0,263.0,60.0,149.0,,0.0,0.0,1
79331,34.0,11619.0,42500.0,824.0,94.0,2502.0,430.0,437.0,9865.0,340.0,79331,5.0,0.4303296324984939,0
79336,35.0,15489.0,51257.0,1047.0,459.0,2358.0,385.0,414.0,15273.0,386.0,79336,3.0,0.19368584156498161,0
79339,36.5,6704.0,49444.0,406.0,140.0,1109.0,96.0,253.0,6617.0,97.0,79339,4.0,0.5966587112171838,0
79342,48.0,362.0,98068.0,13.0,9.0,70.0,226.0,21.0,362.0,149.0,,0.0,0.0,1
79343,41.6,1443.0,61250.0,195.0,11.0,382.0,20.0,103.0,1443.0,43.0,,0.0,0.0,1
79345,40.4,1059.0,64688.0,63.0,20.0,40.0,15.0,79.0,1059.0,28.0,,0.0,0.0,1
79346,37.6,1790.0,39850.0,87.0,22.0,487.0,68.0,40.0,1767.0,52.0,79346,1.0,0.5586592178770949,0
79347,30.2,7182.0,70509.0,506.0,63.0,840.0,65.0,964.0,6998.0,255.0,79347,3.0,0.4177109440267335,0
79350,47.7,398.0,44563.0,17.0,259.0,75.0,226.0,263.0,398.0,22.0,,0.0,0.0,1
79351,40.6,1100.0,60833.0,94.0,4.0,53.0,12.0,19.0,1100.0,15.0,,0.0,0.0,1
79353,52.2,23.0,111875.0,7.0,259.0,965.0,226.0,263.0,23.0,149.0,,0.0,0.0,1
79355,34.1,1573.0,79340.0,135.0,11.0,154.0,62.0,133.0,1573.0,12.0,,0.0,0.0,1
79356,41.6,5654.0,52870.0,286.0,201.0,664.0,178.0,63.0,4275.0,105.0,79356,1.0,0.17686593562079944,0
79357,39.4,1936.0,55938.0,121.0,31.0,346.0,51.0,61.0,1901.0,33.0,79357,1.0,0.5165289256198348,0
79358,30.0,1412.0,75417.0,142.0,47.0,124.0,16.0,248.0,1412.0,5.0,,0.0,0.0,1
79359,36.3,3321.0,53750.0,164.0,119.0,522.0,29.0,157.0,3321.0,85.0,,0.0,0.0,1
79360,29.0,16858.0,81607.0,803.0,182.0,2184.0,253.0,1653.0,16724.0,193.0,79360,4.0,0.23727607070826906,0
79363,39.5,5506.0,77264.0,690.0,391.0,380.0,135.0,89.0,5491.0,57.0,,0.0,0.0,1
79364,36.6,7541.0,57151.0,568.0,257.0,696.0,220.0,83.0,7403.0,100.0,79364,2.0,0.2652168147460549,0
79366,54.4,1073.0,120156.0,198.0,112.0,32.0,12.0,4.0,1073.0,4.0,,0.0,0.0,1
79367,30.2,598.0,44464.0,54.0,6.0,144.0,3.0,263.0,598.0,2.0,,0.0,0.0,1
79370,47.6,1166.0,46797.0,133.0,47.0,132.0,63.0,49.0,1118.0,31.0,,0.0,0.0,1
79371,33.3,1387.0,68650.0,128.0,13.0,114.0,7.0,45.0,1381.0,30.0,,0.0,0.0,1
79372,33.0,1483.0,61563.0,94.0,50.0,168.0,84.0,42.0,1483.0,20.0,79372,1.0,0.6743088334457181,0
79373,38.5,2897.0,50758.0,319.0,172.0,583.0,66.0,144.0,2846.0,65.0,79373,2.0,0.6903693476009665,0
79377,23.7,322.0,36932.0,12.0,259.0,76.0,7.0,12.0,322.0,6.0,,0.0,0.0,1
79378,37.4,234.0,112941.0,13.0,11.0,5.0,226.0,263.0,234.0,7.0,,0.0,0.0,1
79379,40.5,698.0,58750.0,37.0,15.0,107.0,14.0,17.0,668.0,6.0,,0.0,0.0,1
79380,43.7,83.0,51875.0,8.0,2.0,2.0,226.0,263.0,83.0,7.0,,0.0,0.0,1
79381,30.0,1500.0,63688.0,240.0,39.0,287.0,13.0,27.0,1497.0,3.0,,0.0,0.0,1
79382,33.2,8999.0,82981.0,1043.0,431.0,668.0,310.0,522.0,8996.0,6.0,79382,1.0,0.111123458162018,0
79401,23.1,9431.0,23400.0,458.0,337.0,4164.0,163.0,71.0,8107.0,600.0,79401,4.0,0.4241331778178348,0
79403,34.9,16194.0,41582.0,653.0,259.0,4225.0,585.0,570.0,16008.0,476.0,79403,2.0,0.12350253180190193,0
79404,40.2,8935.0,45653.0,584.0,297.0,2070.0,209.0,157.0,7985.0,291.0,,0.0,0.0,1
79407,29.1,23177.0,61563.0,2893.0,1230.0,3691.0,439.0,810.0,23059.0,463.0,79407,11.0,0.47460844803037494,0
79410,27.3,10502.0,44650.0,1155.0,886.0,2775.0,207.0,216.0,10161.0,277.0,79410,14.0,1.333079413445058,0
79411,31.2,6437.0,39259.0,376.0,257.0,1931.0,238.0,53.0,6417.0,394.0,79411,4.0,0.6214074879602298,0
79412,34.1,15161.0,44610.0,787.0,320.0,3079.0,342.0,179.0,15116.0,649.0,79412,4.0,0.26383483939054153,0
79413,30.2,23523.0,65719.0,3250.0,1328.0,3950.0,623.0,306.0,23502.0,378.0,79413,11.0,0.46762742847425925,0
79414,28.9,18027.0,48587.0,1620.0,852.0,3657.0,460.0,551.0,17912.0,752.0,79414,2.0,0.1109446940700061,0
79415,26.5,17086.0,37072.0,1133.0,669.0,5354.0,522.0,356.0,16610.0,663.0,79415,5.0,0.29263724686878145,0
79416,28.7,35524.0,65774.0,5093.0,1596.0,6877.0,1011.0,263.0,35240.0,438.0,79416,16.0,0.4503997297601622,0
79423,36.0,42284.0,82854.0,6394.0,2627.0,3381.0,783.0,1299.0,42084.0,519.0,79423,15.0,0.3547441112477533,0
79424,38.2,50448.0,91572.0,9589.0,3475.0,4241.0,899.0,1067.0,50301.0,701.0,79424,19.0,0.37662543609261023,0
79501,40.6,2648.0,53539.0,173.0,53.0,301.0,22.0,24.0,2453.0,16.0,79501,3.0,1.1329305135951662,0
79502,33.4,1244.0,65114.0,41.0,53.0,91.0,12.0,132.0,1202.0,11.0,79502,1.0,0.8038585209003215,0
79503,42.9,150.0,90795.0,31.0,10.0,11.0,7.0,263.0,150.0,149.0,,0.0,0.0,1
79504,46.8,3181.0,66208.0,412.0,87.0,258.0,88.0,39.0,3136.0,42.0,79504,1.0,0.3143665513989311,0
79505,31.8,225.0,38295.0,8.0,259.0,8.0,226.0,263.0,204.0,149.0,,0.0,0.0,1
79506,63.2,546.0,39306.0,56.0,39.0,118.0,9.0,4.0,546.0,10.0,,0.0,0.0,1
79508,45.0,1041.0,74583.0,144.0,14.0,148.0,226.0,51.0,1039.0,149.0,,0.0,0.0,1
79510,39.7,8058.0,64338.0,892.0,275.0,671.0,149.0,155.0,8013.0,103.0,79510,1.0,0.12410027302060066,0
79511,37.1,1044.0,81071.0,123.0,43.0,84.0,3.0,78.0,1044.0,2.0,,0.0,0.0,1
79512,32.1,7879.0,49602.0,325.0,93.0,901.0,41.0,80.0,6387.0,33.0,79512,5.0,0.634598299276558,0
79517,53.8,140.0,63889.0,7.0,13.0,4.0,5.0,263.0,140.0,1.0,,0.0,0.0,1
79519,49.9,57.0,152938.0,32.0,259.0,965.0,226.0,263.0,57.0,149.0,,0.0,0.0,1
79520,37.0,2552.0,52847.0,167.0,37.0,361.0,18.0,48.0,2529.0,14.0,79520,2.0,0.7836990595611285,0
79521,42.1,3359.0,60227.0,260.0,265.0,377.0,113.0,85.0,3091.0,78.0,79521,1.0,0.29770765108663294,0
79525,43.0,2829.0,67306.0,312.0,54.0,378.0,41.0,212.0,2818.0,37.0,,0.0,0.0,1
79526,44.0,946.0,66875.0,132.0,49.0,74.0,20.0,35.0,946.0,5.0,,0.0,0.0,1
79527,47.6,274.0,80417.0,27.0,3.0,23.0,6.0,263.0,274.0,149.0,,0.0,0.0,1
79528,47.5,524.0,69342.0,59.0,47.0,35.0,3.0,263.0,467.0,7.0,79528,1.0,1.6989963870320643,0
79529,39.7,1132.0,35329.0,79.0,69.0,167.0,4.0,38.0,1075.0,25.0,79529,2.0,1.6989963870320643,0
79530,45.6,505.0,51250.0,54.0,2.0,24.0,5.0,33.0,505.0,18.0,,0.0,0.0,1
79532,36.6,754.0,50625.0,58.0,18.0,140.0,13.0,12.0,754.0,13.0,,0.0,0.0,1
79533,48.8,442.0,41406.0,42.0,9.0,81.0,22.0,4.0,442.0,9.0,,0.0,0.0,1
79534,48.3,213.0,91389.0,41.0,49.0,12.0,7.0,263.0,213.0,149.0,,0.0,0.0,1
79535,60.8,117.0,53750.0,9.0,7.0,5.0,10.0,263.0,117.0,149.0,,0.0,0.0,1
79536,31.5,6123.0,67788.0,366.0,109.0,970.0,49.0,294.0,6064.0,40.0,79536,1.0,0.16331863465621427,0
79537,39.4,40.0,43571.0,1.0,259.0,965.0,226.0,263.0,40.0,149.0,,0.0,0.0,1
79539,44.0,197.0,55179.0,32.0,7.0,42.0,16.0,263.0,197.0,6.0,,0.0,0.0,1
79540,52.5,38.0,100000.0,5.0,6.0,965.0,226.0,263.0,38.0,149.0,,0.0,0.0,1
79541,34.2,1253.0,58901.0,73.0,31.0,65.0,53.0,263.0,1253.0,149.0,,0.0,0.0,1
79543,34.2,1178.0,63403.0,98.0,31.0,72.0,10.0,28.0,1155.0,37.0,,0.0,0.0,1
79544,36.7,577.0,56786.0,8.0,3.0,63.0,11.0,21.0,577.0,10.0,,0.0,0.0,1
79545,31.0,1873.0,51179.0,190.0,54.0,218.0,54.0,108.0,1873.0,4.0,,0.0,0.0,1
79546,40.1,1749.0,49650.0,165.0,42.0,330.0,37.0,19.0,1749.0,48.0,79546,2.0,1.1435105774728416,0
79547,45.8,867.0,29258.0,108.0,37.0,236.0,6.0,263.0,867.0,13.0,,0.0,0.0,1
79548,42.3,162.0,53750.0,32.0,6.0,26.0,226.0,14.0,162.0,149.0,,0.0,0.0,1
79549,35.0,15608.0,57063.0,1324.0,325.0,1664.0,134.0,871.0,14050.0,49.0,79549,4.0,0.25627883136852897,0
79553,36.0,3081.0,48313.0,294.0,42.0,697.0,21.0,150.0,3005.0,123.0,79553,3.0,0.9737098344693281,0
79556,36.6,12621.0,47221.0,678.0,280.0,1976.0,384.0,408.0,12444.0,378.0,79556,6.0,0.4753981459472308,0
79561,53.0,508.0,71818.0,56.0,6.0,44.0,2.0,15.0,506.0,14.0,,0.0,0.0,1
79562,37.9,4157.0,117901.0,814.0,348.0,112.0,15.0,75.0,4147.0,31.0,,0.0,0.0,1
79563,46.3,1024.0,53553.0,33.0,15.0,109.0,226.0,7.0,1024.0,14.0,,0.0,0.0,1
79565,32.6,365.0,115536.0,21.0,259.0,1.0,226.0,263.0,365.0,149.0,,0.0,0.0,1
79566,55.3,228.0,46875.0,13.0,13.0,12.0,226.0,263.0,228.0,2.0,,0.0,0.0,1
79567,38.6,3064.0,47039.0,235.0,48.0,480.0,21.0,59.0,3031.0,28.0,79567,2.0,0.6527415143603134,0
79601,29.5,26603.0,53049.0,2027.0,781.0,4454.0,408.0,765.0,20401.0,392.0,79601,23.0,0.8645641469007255,0
79602,38.2,26487.0,78850.0,3612.0,2140.0,3158.0,223.0,683.0,24906.0,477.0,79602,9.0,0.3397893306150187,0
79603,34.7,24189.0,52055.0,1955.0,406.0,4806.0,467.0,575.0,23834.0,495.0,79603,10.0,0.4134110546116003,0
79605,33.5,28989.0,56890.0,3080.0,1022.0,4003.0,334.0,610.0,28124.0,501.0,79605,19.0,0.6554210217668771,0
79606,33.2,27797.0,73381.0,3982.0,1802.0,2161.0,235.0,367.0,25852.0,543.0,79606,21.0,0.7554772097708385,0
79607,22.0,3699.0,58372.0,327.0,99.0,85.0,42.0,18.0,2233.0,149.0,,0.0,0.0,1
79701,31.5,28461.0,57500.0,1927.0,615.0,5825.0,476.0,2553.0,27858.0,768.0,79701,20.0,0.7027159973296793,0
79703,31.0,21434.0,88718.0,1435.0,448.0,841.0,411.0,734.0,21434.0,231.0,79703,6.0,0.27992908463189325,0
79705,32.1,41140.0,95939.0,7898.0,2166.0,4395.0,740.0,812.0,40961.0,736.0,79705,10.0,0.24307243558580455,0
79706,33.0,32527.0,99515.0,2846.0,1621.0,3350.0,625.0,941.0,32306.0,348.0,79706,2.0,0.061487379715313435,0
79707,31.9,39347.0,99732.0,6818.0,2334.0,2879.0,715.0,757.0,38890.0,1005.0,79707,8.0,0.20331918570666124,0
79713,39.3,879.0,69500.0,89.0,6.0,179.0,13.0,72.0,879.0,1.0,,0.0,0.0,1
79714,32.4,18362.0,86458.0,1636.0,302.0,2177.0,259.0,1194.0,18230.0,108.0,79714,4.0,0.21784119376974184,0
79718,57.1,625.0,31250.0,9.0,5.0,159.0,7.0,23.0,625.0,149.0,,0.0,0.0,1
79719,29.9,345.0,29408.0,2.0,259.0,100.0,226.0,32.0,345.0,3.0,,0.0,0.0,1
79720,37.7,32297.0,66655.0,2121.0,614.0,4191.0,769.0,524.0,29196.0,618.0,79720,13.0,0.40251416540235935,0
79731,40.1,4387.0,71818.0,311.0,109.0,148.0,37.0,122.0,4265.0,158.0,79731,2.0,0.45589240939138365,0
79733,27.3,397.0,73333.0,19.0,6.0,42.0,7.0,24.0,394.0,3.0,,0.0,0.0,1
79734,58.9,1859.0,43646.0,163.0,169.0,468.0,226.0,33.0,1818.0,30.0,,0.0,0.0,1
79735,37.4,13056.0,59167.0,541.0,185.0,2708.0,70.0,248.0,10815.0,417.0,79735,5.0,0.3829656862745098,0
79738,36.1,326.0,80179.0,75.0,38.0,965.0,226.0,263.0,326.0,149.0,,0.0,0.0,1
79739,36.3,939.0,125125.0,186.0,40.0,44.0,226.0,112.0,939.0,149.0,,0.0,0.0,1
79741,38.8,380.0,100274.0,30.0,14.0,39.0,5.0,263.0,380.0,4.0,,0.0,0.0,1
79742,37.2,419.0,75156.0,22.0,20.0,58.0,9.0,10.0,419.0,15.0,,0.0,0.0,1
79743,36.7,267.0,105385.0,32.0,18.0,16.0,226.0,263.0,267.0,149.0,,0.0,0.0,1
79744,27.6,1749.0,54063.0,141.0,46.0,199.0,226.0,111.0,1739.0,149.0,79744,1.0,0.5717552887364208,0
79745,37.1,6561.0,85083.0,247.0,60.0,859.0,79.0,479.0,6475.0,127.0,,0.0,0.0,1
79748,24.9,536.0,80809.0,21.0,259.0,115.0,6.0,16.0,536.0,149.0,,0.0,0.0,1
79752,39.0,2000.0,45625.0,34.0,62.0,483.0,30.0,73.0,1970.0,31.0,79752,2.0,1.0,0
79755,34.8,72.0,136635.0,14.0,259.0,965.0,226.0,263.0,72.0,149.0,,0.0,0.0,1
79756,37.2,9632.0,72101.0,548.0,133.0,1336.0,278.0,138.0,9529.0,140.0,79756,2.0,0.20764119601328904,0
79758,34.6,2540.0,130489.0,232.0,102.0,19.0,226.0,182.0,2540.0,8.0,,0.0,0.0,1
79761,29.5,31521.0,66593.0,1719.0,463.0,3810.0,1239.0,1670.0,31441.0,1106.0,79761,13.0,0.41242346372259764,0
79762,31.4,39649.0,76569.0,3498.0,1073.0,6130.0,1196.0,1464.0,39499.0,649.0,79762,8.0,0.2017705364574138,0
79763,32.5,35940.0,54668.0,1510.0,540.0,7132.0,772.0,3762.0,35786.0,559.0,79763,3.0,0.08347245409015025,0
79764,32.2,25907.0,77249.0,1750.0,1160.0,3449.0,884.0,1819.0,25907.0,353.0,79764,1.0,0.0385996062840159,0
79765,30.1,21210.0,96260.0,2448.0,881.0,2943.0,401.0,598.0,21094.0,403.0,79765,1.0,0.04714757190004715,0
79766,29.4,11822.0,71346.0,502.0,60.0,2522.0,202.0,1732.0,11070.0,91.0,,0.0,0.0,1
79772,34.9,13305.0,57474.0,703.0,167.0,2555.0,466.0,333.0,12181.0,203.0,79772,5.0,0.37579857196542654,0
79778,42.8,1202.0,68883.0,93.0,2.0,172.0,37.0,18.0,1169.0,51.0,,0.0,0.0,1
79781,48.7,65.0,65972.0,703.0,12.0,965.0,226.0,263.0,65.0,149.0,,0.0,0.0,1
79782,34.4,3972.0,73295.0,234.0,146.0,598.0,156.0,130.0,3914.0,149.0,79782,2.0,0.5035246727089627,0
79783,34.7,90.0,158500.0,703.0,8.0,965.0,226.0,263.0,90.0,149.0,,0.0,0.0,1
79788,26.9,798.0,71014.0,32.0,1.0,16.0,12.0,27.0,798.0,6.0,,0.0,0.0,1
79789,32.8,1021.0,111875.0,103.0,7.0,88.0,226.0,53.0,1021.0,23.0,,0.0,0.0,1
79821,35.9,6678.0,55047.0,378.0,129.0,979.0,147.0,153.0,5704.0,79.0,,0.0,0.0,1
79830,47.7,7912.0,50584.0,1622.0,1009.0,1348.0,136.0,93.0,7834.0,281.0,79830,3.0,0.37917087967644086,0
79834,29.7,246.0,46462.0,169.0,22.0,19.0,4.0,263.0,246.0,149.0,,0.0,0.0,1
79835,32.6,12378.0,36778.0,592.0,295.0,3826.0,252.0,351.0,12378.0,242.0,79835,2.0,0.16157699143641946,0
79836,27.6,7751.0,52129.0,521.0,131.0,1646.0,166.0,471.0,7711.0,20.0,79836,1.0,0.12901561088891755,0
79838,40.5,5470.0,36366.0,178.0,147.0,1351.0,102.0,191.0,5470.0,241.0,,0.0,0.0,1
79839,26.7,1365.0,31863.0,17.0,9.0,456.0,226.0,134.0,1365.0,52.0,,0.0,0.0,1
79842,38.2,340.0,43064.0,79.0,1.0,39.0,226.0,263.0,340.0,23.0,,0.0,0.0,1
79843,54.4,2814.0,31452.0,447.0,133.0,781.0,226.0,229.0,2813.0,188.0,,0.0,0.0,1
79845,24.5,3354.0,19650.0,121.0,55.0,1684.0,345.0,460.0,3354.0,128.0,,0.0,0.0,1
79847,59.8,78.0,38864.0,4.0,2.0,10.0,226.0,263.0,78.0,149.0,,0.0,0.0,1
79848,56.7,801.0,55469.0,82.0,69.0,55.0,226.0,12.0,801.0,14.0,,0.0,0.0,1
79849,28.2,13200.0,43801.0,410.0,70.0,3836.0,224.0,479.0,13179.0,227.0,,0.0,0.0,1
79851,31.6,1376.0,56563.0,78.0,259.0,84.0,16.0,28.0,484.0,19.0,,0.0,0.0,1
79852,61.7,531.0,43112.0,72.0,19.0,39.0,10.0,30.0,531.0,149.0,,0.0,0.0,1
79853,35.7,3007.0,62167.0,191.0,14.0,487.0,70.0,38.0,3007.0,39.0,,0.0,0.0,1
79854,68.8,133.0,30806.0,41.0,259.0,12.0,226.0,263.0,133.0,149.0,,0.0,0.0,1
79855,47.4,2160.0,35326.0,164.0,2.0,480.0,104.0,263.0,2145.0,67.0,,0.0,0.0,1
79901,44.5,8747.0,14142.0,323.0,102.0,4766.0,422.0,382.0,8135.0,1683.0,79901,1.0,0.11432491139819366,0
79902,39.5,19108.0,39414.0,2889.0,1199.0,4249.0,765.0,511.0,18693.0,1570.0,79902,45.0,1.6989963870320643,0
79903,42.5,15729.0,35750.0,1426.0,306.0,4634.0,317.0,452.0,15610.0,963.0,79903,10.0,0.6357683260219976,0
79904,31.6,31634.0,38476.0,1733.0,595.0,8137.0,1688.0,1258.0,30120.0,1523.0,79904,4.0,0.1264462287412278,0
79905,33.9,22133.0,24618.0,919.0,117.0,9845.0,969.0,653.0,22048.0,1399.0,79905,14.0,0.6325396466814259,0
79906,21.6,5970.0,54326.0,501.0,254.0,1022.0,113.0,161.0,4322.0,54.0,,0.0,0.0,1
79907,35.9,49169.0,40962.0,2807.0,617.0,11383.0,1198.0,2335.0,48911.0,1194.0,79907,5.0,0.10169008928389839,0
79908,19.2,4378.0,58929.0,365.0,130.0,169.0,37.0,6.0,3510.0,149.0,,0.0,0.0,1
79911,35.7,8844.0,116536.0,2191.0,936.0,387.0,147.0,537.0,8625.0,149.0,79911,4.0,0.4522840343735866,0
79912,34.5,76890.0,71324.0,14713.0,6856.0,9628.0,1953.0,1886.0,75771.0,1359.0,79912,26.0,0.33814540252308495,0
79915,38.7,36737.0,35278.0,2517.0,408.0,11252.0,856.0,971.0,36633.0,1398.0,79915,10.0,0.2722051337888233,0
79922,45.7,6796.0,90278.0,1625.0,643.0,448.0,104.0,33.0,6782.0,42.0,79922,7.0,1.0300176574455562,0
79924,33.9,60667.0,53555.0,4862.0,1640.0,11379.0,2446.0,1726.0,59305.0,1311.0,79924,10.0,0.16483425915242225,0
79925,33.6,40001.0,55357.0,4728.0,2232.0,7884.0,1298.0,1219.0,39188.0,982.0,79925,30.0,0.7499812504687382,0
79927,35.4,42241.0,46581.0,1965.0,509.0,9556.0,1081.0,1796.0,42164.0,626.0,79927,4.0,0.09469472787102579,0
79928,28.3,79330.0,67016.0,7573.0,2352.0,15012.0,2779.0,4282.0,78368.0,399.0,,0.0,0.0,1
79930,35.1,25899.0,41953.0,1999.0,698.0,7078.0,871.0,394.0,25052.0,811.0,79930,1.0,0.03861152940267964,0
79932,35.4,29269.0,80383.0,4731.0,2142.0,3694.0,690.0,921.0,29105.0,539.0,79932,1.0,0.03416584099217602,0
79934,29.5,26620.0,77010.0,3768.0,1640.0,2866.0,693.0,797.0,25133.0,224.0,79934,2.0,0.07513148009015778,0
79935,37.3,18815.0,62018.0,2354.0,897.0,3959.0,767.0,263.0,18221.0,327.0,79935,14.0,0.7440871644964124,0
79936,33.9,107512.0,60981.0,13527.0,4122.0,16017.0,3589.0,3456.0,106278.0,1274.0,79936,33.0,0.30694248083934816,0
79938,28.6,95452.0,70806.0,10422.0,3244.0,10349.0,3230.0,2939.0,89683.0,423.0,79938,6.0,0.06285881909231866,0
